label,youtube_id,time_start,time_end,split
cooking chicken,-07Ke73N4zI,612,622,train
making bed,-0mnCHRQ-Zc,92,102,train
baking cookies,-1MXpPymXFU,187,197,train
baking cookies,-36efvC2K54,73,83,train
cooking chicken,-6zh0xWFWT4,36,46,train
cooking chicken,-BptOURMao8,398,408,train
cooking chicken,-CTvtfED6Ak,191,201,train
making bed,-JdIM1KZ1zo,32,42,train
folding clothes,-KtT7Q730Yg,8,18,train
washing hands,-LUN6528w3I,28,38,train
cooking chicken,-N69Jdzk6B4,286,296,train
cleaning toilet,-P8Hq7Nc_lQ,93,103,train
sweeping floor,-PuoHDrdsSM,1,11,train
mopping floor,-RJiqilN2Ic,23,33,train
making bed,-SmfJbcO8WI,1,11,train
cooking chicken,-ToYMwdP3l8,146,156,train
folding clothes,-U2IQ5qOGmQ,4,14,train
washing dishes,-W3IkywROmU,21,31,train
baking cookies,-W53pl92itE,242,252,train
cooking chicken,-WKXzXGaKzE,224,234,train
washing hands,-Xkdlbnxfc8,376,386,train
washing dishes,-Y5LoJ4_ivY,14,24,train
folding clothes,-YKDJrc2p5w,9,19,train
cooking chicken,-YNnVtZTh0g,67,77,train
washing hands,-Z-zFKGPJB0,2,12,train
making bed,-ZJW6ORJNi0,65,75,train
cooking chicken,-Zedueym2Fo,42,52,train
making bed,-Zqy82Ro8SE,194,204,train
cleaning toilet,-aS-w4YzQ5A,68,78,train
cooking chicken,-dykWXNvAPw,12,22,train
making bed,-eNob5dRnrY,312,322,train
washing hands,-eia05K09c8,71,81,train
making bed,-gCbbcIldvc,19,29,train
cooking chicken,-gRYGmwgGd4,94,104,train
making bed,-gdIj0lzvt4,6,16,train
making bed,-hOOpw_S8uQ,0,10,train
making bed,-i4pTCL8uC8,61,71,train
washing dishes,-ie01Q07sWY,3,13,train
mopping floor,-kzH1UEDKvM,8,18,train
baking cookies,-l3Cq12DG3Q,296,306,train
doing laundry,-mWhX_yXOS8,9,19,train
washing hands,-mhWIO9Zy-Y,85,95,train
folding clothes,-qlJmXRti-g,152,162,train
folding clothes,-riGpxoagdg,93,103,train
mopping floor,-u8qBtbRoAE,54,64,train
washing hands,-ucHY_dvTyY,0,10,train
making bed,-uh3xmuIEJE,198,208,train
sweeping floor,-uuUkbhajQs,39,49,train
mopping floor,-uzhaclXzdU,0,10,train
mopping floor,-v0C-l0yHDA,90,100,train
cooking chicken,-vvUgfNlMwE,145,155,train
making bed,-wGuV57TYpA,49,59,train
washing dishes,-x8uVwZuQpI,52,62,train
making bed,-y5p2o2L9Jc,3,13,train
folding clothes,-zjeY-7fXJw,95,105,train
making bed,011cODTrRYs,127,137,train
cooking chicken,02QplMWeNhU,158,168,train
cooking chicken,02pEmMBwFME,196,206,train
mopping floor,04Qvw9bFJYI,50,60,train
washing dishes,04TLY-78Mcs,147,157,train
baking cookies,07ILndvuKUc,74,84,train
sweeping floor,07meInKy9hE,10,20,train
mopping floor,09mQD547rsc,38,48,train
baking cookies,09yxWl2Ek1M,158,168,train
washing hands,0Ad3dp89NvU,22,32,train
baking cookies,0Ata9VACjv8,23,33,train
cooking chicken,0BeczhLJTak,302,312,train
sweeping floor,0EDL9pkmzow,7,17,train
washing dishes,0FiUehB2y90,1,11,train
baking cookies,0Gy_u05iEfQ,446,456,train
cooking chicken,0Hz2h1CLfj4,430,440,train
baking cookies,0IDsLy_Elno,54,64,train
cooking chicken,0IOzFP3W0VY,1,11,train
cleaning toilet,0IhQIv_ZCQE,13,23,train
folding clothes,0JkfkBxyv6A,49,59,train
washing hands,0Jmw3bhQ8Eg,21,31,train
making bed,0KQHXc4cBvQ,30,40,train
cooking chicken,0KUo8zx5wJo,73,83,train
sweeping floor,0KnnEb0aZFA,17,27,train
washing dishes,0LAkJPClJYM,44,54,train
cooking chicken,0LXCkmzhT_g,67,77,train
making bed,0LfESFkfBSw,79,89,train
washing dishes,0Lmm1GeaOoo,2,12,train
cooking chicken,0M8-82fq7oY,210,220,train
baking cookies,0MLnPaVTB0s,143,153,train
washing dishes,0MoR6Dy9kNE,15,25,train
washing hands,0Nf3Jw4EzJA,27,37,train
cooking chicken,0PmEiQ386CY,230,240,train
washing dishes,0QSA4Nma5Uc,18,28,train
cleaning toilet,0SEGaVuARFY,24,34,train
making bed,0SPL2iIawcw,144,154,train
washing dishes,0ToU7j3U0fo,48,58,train
washing hands,0XcnMt3TGP4,21,31,train
baking cookies,0Y4zTYoHg4Y,17,27,train
cooking chicken,0YXK1-khT3I,82,92,train
cooking chicken,0YZnqJIOCE0,55,65,train
washing dishes,0ZPxAE5EeTg,42,52,train
making bed,0_8Kjx1WpA8,47,57,train
baking cookies,0acHgv8A6U8,107,117,train
mopping floor,0b44AsqL7p0,0,10,train
cooking chicken,0cQ9qWe7YRA,912,922,train
making bed,0fYl4YHMrew,146,156,train
making bed,0gVV_oyUz9I,98,108,train
washing hands,0gZ_oo62OGk,70,80,train
making bed,0gp3biecmbU,433,443,train
making bed,0hh9uRYjj1k,198,208,train
washing hands,0iwUwp9kVHk,18,28,train
washing dishes,0jqAM2dkCWc,23,33,train
mopping floor,0jvgTtveKL0,57,67,train
cooking chicken,0l7sy0L7lBI,327,337,train
doing laundry,0mC_uFdzcIA,59,69,train
mopping floor,0mEpR8VbrNI,7,17,train
folding clothes,0mUIY4K-98c,25,35,train
cooking chicken,0oAJm3f37WU,409,419,train
sweeping floor,0p9B2ypFEas,4,14,train
folding clothes,0p_xMShcYuY,14,24,train
cooking chicken,0rJ0lbQDl3k,184,194,train
folding clothes,0rbogDaB-n0,252,262,train
washing hands,0ssfpmWPagk,5,15,train
cooking chicken,0szCTeTOWg0,239,249,train
cooking chicken,0u_8jOhJ-es,340,350,train
cleaning toilet,0v2gQ2tDF7k,6,16,train
washing hands,0vUi3QhaUHU,0,10,train
cooking chicken,0vl1EYfOJnI,25,35,train
sweeping floor,0vrWaF5YgW8,0,10,train
cooking chicken,0wVnhKjL1hk,57,67,train
baking cookies,0wphRCtKfMs,282,292,train
folding clothes,0xigrP4k5-c,756,766,train
cleaning toilet,10ELbhl1QOo,9,19,train
making bed,10WZv2RNCls,316,326,train
baking cookies,10YyfNp68iI,0,10,train
washing dishes,11SUK__7KHk,6,16,train
sweeping floor,12DoU8dxjdo,4,14,train
sweeping floor,12jh-e9zRjU,55,65,train
washing hands,12p5mQTw8pY,17,27,train
cooking chicken,13VwVNOqhMU,121,131,train
washing dishes,15Du8ATzjN8,1,11,train
baking cookies,15SzCQ6qCiE,65,75,train
mopping floor,15hBSYGNRjc,102,112,train
folding clothes,175eTQB7G_A,460,470,train
cooking chicken,17EDv57b5Vg,21,31,train
folding clothes,17KlsgcoHJM,6,16,train
folding clothes,17VmzhDfYTY,70,80,train
mopping floor,17fcpd4Bb-I,3,13,train
cleaning toilet,17vXT6tMNOU,8,18,train
folding clothes,19i7oyiKVG0,20,30,train
washing hands,1BSs2OPDPWo,90,100,train
cooking chicken,1CualKbBono,162,172,train
washing dishes,1DzWcOlSb4o,4,14,train
sweeping floor,1EmSLWm9s1U,124,134,train
washing dishes,1GPpc9HstLM,3,13,train
washing dishes,1Ge-a5rp_Ow,97,107,train
cooking chicken,1HFvq6KKj0g,335,345,train
cleaning toilet,1H_g0CDImDc,15,25,train
cooking chicken,1He-OPxa7I0,155,165,train
cooking chicken,1IGxOSLmnL8,311,321,train
washing dishes,1IOA3vBE8tc,4,14,train
making bed,1IrE--bjfAY,251,261,train
sweeping floor,1JDt5l6Xp1Y,20,30,train
making bed,1Jl-y7kfBXk,48,58,train
baking cookies,1Mjxn54pu64,282,292,train
washing hands,1MtPjU2QKIc,13,23,train
washing dishes,1OXzMMOmMu8,0,10,train
mopping floor,1OhPgU_WpyU,2,12,train
making bed,1R5C7tiI2ss,4,14,train
cooking chicken,1S-urS6-XAI,167,177,train
folding clothes,1TmE8hPBAZY,0,10,train
sweeping floor,1U4_Tv0crdM,76,86,train
folding clothes,1VlTKG9_h68,6,16,train
sweeping floor,1VoKELh2II0,16,26,train
sweeping floor,1X6Z_nVB7rU,0,10,train
baking cookies,1XtdtLcNCt8,180,190,train
cooking chicken,1Xw34aPweTY,310,320,train
cooking chicken,1Y3YsraqSUo,387,397,train
washing hands,1YPJT-P3Zo8,92,102,train
cooking chicken,1ZQC5wfUvgE,299,309,train
sweeping floor,1Zes5yiYK8s,23,33,train
cooking chicken,1agsA-13pZo,51,61,train
sweeping floor,1bGlDbT2hdc,3,13,train
baking cookies,1bgiMcUBDes,65,75,train
doing laundry,1bn4BAJa0ws,137,147,train
baking cookies,1btAwIjGwfs,270,280,train
washing dishes,1cTyuNi9Fhg,47,57,train
making bed,1ch0LQmruFc,20,30,train
sweeping floor,1dCIn-xGozU,1,11,train
sweeping floor,1emxjhtqF5I,0,10,train
washing dishes,1fcklKh5hSU,3,13,train
baking cookies,1h39wbBrWYY,259,269,train
doing laundry,1hlx6xGL0HA,15,25,train
washing dishes,1iBZ-8ExGJ4,0,10,train
washing dishes,1iIGGHOjD2Q,19,29,train
washing dishes,1ib_aUaP-xs,33,43,train
washing hands,1lAnbCyH4Bk,145,155,train
cooking chicken,1lXUxFQu01E,51,61,train
washing dishes,1liCx76KPdw,8,18,train
washing hands,1lxCJQ56yWA,0,10,train
washing hands,1mvG5NP1ZgI,4,14,train
baking cookies,1mxNs9n5C-o,76,86,train
washing dishes,1otiJk0hVis,2,12,train
washing hands,1p4KUYv3BT4,16,26,train
mopping floor,1pQpW89Fg00,0,10,train
baking cookies,1pcBJSifkco,6,16,train
washing hands,1qyATxKe5Og,37,47,train
cooking chicken,1sygFzI68rI,97,107,train
making bed,1v1GglsCAqg,290,300,train
mopping floor,1vt4Zh7doD4,5,15,train
folding clothes,1xzRU8OHyEo,15,25,train
sweeping floor,1zM8OLzMviI,14,24,train
folding clothes,21XG9zZZqDU,13,23,train
making bed,22P8LgrLz5Y,7,17,train
washing dishes,245LmLzGrhU,47,57,train
mopping floor,259K1wC2IMk,82,92,train
making bed,26yZMEG2nRw,228,238,train
making bed,28bhI6nRAr4,113,123,train
washing hands,29OVIYrRt3o,32,42,train
cooking chicken,29aDIi7qxXY,313,323,train
washing dishes,2AOymceSGEc,56,66,train
sweeping floor,2ASVThC5DSo,0,10,train
washing hands,2At4i9bTVvM,15,25,train
mopping floor,2BoMlmzRWOg,45,55,train
sweeping floor,2DpHwgJihOg,3,13,train
doing laundry,2EVwbnZT7OE,178,188,train
cleaning toilet,2EVyXK1b1Y4,13,23,train
mopping floor,2EnMdzmiKO8,5,15,train
folding clothes,2GviuVuJDiI,0,10,train
washing hands,2Gx5-vEKJ1Y,127,137,train
sweeping floor,2HMr7XOuoqQ,29,39,train
washing hands,2HN7t9STdv4,9,19,train
folding clothes,2Hjoma2FjtA,4,14,train
cooking chicken,2IoJcMxQA9w,338,348,train
cleaning toilet,2JGW7Bt7ITA,108,118,train
cooking chicken,2J_CJf4qN3g,91,101,train
mopping floor,2KqGN24Nqo4,9,19,train
washing dishes,2Ks9JP44pFw,7,17,train
washing hands,2L36UtJbtE4,42,52,train
mopping floor,2L92RVE_uLo,174,184,train
sweeping floor,2Mf_Svl0SpA,4,14,train
folding clothes,2Os27lAKwk4,0,10,train
cooking chicken,2P83FwmS0zc,480,490,train
doing laundry,2Pu2qAn_0_0,11,21,train
folding clothes,2QyYgZ6Lrqg,130,140,train
baking cookies,2R2Xfv0IuV4,912,922,train
cooking chicken,2RaiIeyWQNI,49,59,train
cooking chicken,2Sip1UgOh1Y,33,43,train
washing hands,2TBmaAcf8mM,57,67,train
washing hands,2VU_XoQLoSc,31,41,train
cooking chicken,2VfdCm8xoNg,861,871,train
making bed,2Vl8UVRl2Eo,154,164,train
mopping floor,2W072NG8-9Q,1,11,train
washing hands,2WPS4QEke2U,2,12,train
washing dishes,2WWuV7WOS0E,34,44,train
mopping floor,2XKwmjVl2_4,162,172,train
washing hands,2Y-qJqPd5CE,32,42,train
sweeping floor,2YXManUuTJA,6,16,train
cleaning toilet,2YXUSBvp2co,2,12,train
washing dishes,2Ys7uOuAkv4,360,370,train
mopping floor,2Z9akc40tbs,36,46,train
washing dishes,2ZGiaTpbDto,16,26,train
cooking chicken,2ZSRtGBXLys,70,80,train
folding clothes,2_6ijZd5fb0,1,11,train
baking cookies,2_H0WtLb-lw,3,13,train
folding clothes,2_sYNFESjxs,2,12,train
folding clothes,2a7QdRSjNKQ,101,111,train
folding clothes,2bXQamSxeiM,50,60,train
baking cookies,2djtbcbuhkI,22,32,train
cooking chicken,2dsrXHRkI6M,24,34,train
cooking chicken,2fF1osRrAO0,131,141,train
mopping floor,2fI3WUJimoE,1,11,train
folding clothes,2fRUyhKgx9k,29,39,train
making bed,2flj9ToJUiI,561,571,train
making bed,2fohmLB1xuU,115,125,train
baking cookies,2iFfYyS7IWc,215,225,train
washing dishes,2iK6D-I6g28,4,14,train
cooking chicken,2idwNvX6JxU,50,60,train
making bed,2kFw9DDQfiA,58,68,train
baking cookies,2kh-j9ma9LA,351,361,train
making bed,2kkv_AbvOoQ,6,16,train
mopping floor,2kn6dEsF_wI,2,12,train
cooking chicken,2kpRWbtcEhA,246,256,train
sweeping floor,2lCOMpltCKc,3,13,train
cleaning toilet,2lTp23XL-eA,62,72,train
doing laundry,2lW6skTENSw,1,11,train
cleaning toilet,2mipImUeqcY,54,64,train
sweeping floor,2ncXYetBjQc,33,43,train
baking cookies,2nebIx6-9xc,824,834,train
baking cookies,2nochCAHa3c,28,38,train
washing hands,2nsMkFhv4Lw,41,51,train
washing hands,2rrw8rcC164,22,32,train
making bed,2s1cG0rYjxg,54,64,train
folding clothes,2s4nLF_MQGY,152,162,train
baking cookies,2sR3HJFtafw,47,57,train
washing hands,2u1uPbGssME,242,252,train
washing hands,2u9feiUCbag,10,20,train
sweeping floor,2uEU-2LRmMk,16,26,train
baking cookies,2ubAyBu8goA,84,94,train
washing hands,2vOyBqbtDZ8,1,11,train
sweeping floor,2vz2sR_c5FY,37,47,train
baking cookies,2xzqtZJF344,20,30,train
washing dishes,2y9oaQQ4Td8,11,21,train
sweeping floor,3-DecVymBqI,23,33,train
making bed,30byJZ9NgK4,323,333,train
making bed,31M0nRhGrkc,364,374,train
making bed,333P7R6DzsI,64,74,train
sweeping floor,34H8A95YE3c,79,89,train
mopping floor,34nOR2BM2mk,12,22,train
washing hands,35HFCWhI-f8,10,20,train
sweeping floor,37501YlukFo,1,11,train
folding clothes,37gFk220gnk,18,28,train
cleaning toilet,3987PAd2JF8,17,27,train
washing dishes,3A6BhneVGF0,4,14,train
cooking chicken,3AZQBe0TmJQ,260,270,train
baking cookies,3Axl_Vi2adk,13,23,train
cleaning toilet,3BFhEOep1NQ,192,202,train
washing hands,3BpwUe_6AEQ,61,71,train
washing hands,3DL3mKvDBnE,107,117,train
washing dishes,3E3jzQDqyjY,23,33,train
folding clothes,3Ev9GHtE0sY,0,10,train
baking cookies,3GFgs0aIvTc,100,110,train
baking cookies,3GQRWuFZtRc,241,251,train
mopping floor,3GWBVFKKhpo,14,24,train
mopping floor,3HC-_srYPH0,90,100,train
washing dishes,3I5weCFVNj8,0,10,train
baking cookies,3JWWwiWaA40,1276,1286,train
folding clothes,3K1DwbisxS4,66,76,train
washing dishes,3M4BMNIfYIY,3,13,train
washing dishes,3MvZNrzT_yY,240,250,train
making bed,3N_Enu-0XYQ,159,169,train
doing laundry,3O0CDPBnLJ8,3,13,train
baking cookies,3OJfG_rogWM,435,445,train
folding clothes,3OPAd68cLgU,15,25,train
doing laundry,3Ov86yTJik4,1,11,train
cooking chicken,3OyURYYCfrc,86,96,train
washing hands,3QFYrQfRV2s,67,77,train
washing hands,3RJb6RD7xSc,2,12,train
washing hands,3RYJdtbvCOE,11,21,train
washing hands,3S-L8Utg5EY,2,12,train
baking cookies,3SJpuJctSCY,10,20,train
baking cookies,3T8T6MPxEvo,276,286,train
washing dishes,3UMijjT3ink,50,60,train
folding clothes,3Untr17W9pw,1,11,train
cooking chicken,3VJFOyytQrQ,42,52,train
washing dishes,3W8lGOpGiM4,23,33,train
washing dishes,3WCruFd16qc,100,110,train
washing hands,3XyCbRdML0Q,39,49,train
cooking chicken,3YVaYMRuorA,187,197,train
baking cookies,3YbiXw3U1EA,54,64,train
doing laundry,3YeFK_mBl48,2,12,train
baking cookies,3YrMhtEf03o,21,31,train
cleaning toilet,3_WpmabDgWA,58,68,train
baking cookies,3_jsQOtSYVo,63,73,train
cooking chicken,3aGsqe_onYo,385,395,train
cleaning toilet,3aUiWFQUjXw,89,99,train
mopping floor,3aVXMMgtFWs,0,10,train
folding clothes,3bN2sFeQF74,0,10,train
baking cookies,3d4zkDl3LyY,1,11,train
making bed,3dldtndFnRM,86,96,train
folding clothes,3fMKYdcRUz8,64,74,train
cooking chicken,3fqeRc5WmlI,135,145,train
making bed,3gYygHv3NP8,92,102,train
washing hands,3hNNgQTEZm4,214,224,train
baking cookies,3hsOTq0OYg8,71,81,train
cooking chicken,3imVUajXx1g,547,557,train
cooking chicken,3jMBfFOUtWE,52,62,train
baking cookies,3jNRydh9DT0,143,153,train
making bed,3jxJPkqEyr8,194,204,train
doing laundry,3n-ArpTnUzw,4,14,train
sweeping floor,3n1TJIT5QGo,124,134,train
sweeping floor,3oLHa5FCC-o,14,24,train
washing dishes,3oOXAmDk15s,56,66,train
baking cookies,3paZyFpoTh8,423,433,train
cooking chicken,3qBCUHHCU5o,734,744,train
sweeping floor,3qFUW8YwVe8,16,26,train
making bed,3qfriWaC5Wg,73,83,train
washing dishes,3rgIFFCjrJ4,4,14,train
sweeping floor,3tWwQ1_6fRE,2,12,train
washing dishes,3tu3KStFEgQ,1266,1276,train
folding clothes,3w6DahGVwn4,5,15,train
sweeping floor,3wDOTexEJJI,6,16,train
making bed,3wHaxp4tAvE,28,38,train
sweeping floor,3wmLDXSTew8,13,23,train
cooking chicken,4196A2ZUA8s,565,575,train
baking cookies,43PLgt0ZZq8,94,104,train
washing hands,442ahO-RMjQ,14,24,train
making bed,44SKidNaidQ,3,13,train
washing dishes,44d-l3sZLRI,81,91,train
cleaning toilet,45ZffbW9oR0,26,36,train
cooking chicken,462UM0Tf75s,127,137,train
making bed,4685GDBFIXc,385,395,train
washing hands,46IPC_Q1TzU,14,24,train
cooking chicken,46RSDS5tqnQ,121,131,train
mopping floor,47B-OAyhPjo,163,173,train
folding clothes,49AidoCnuRg,149,159,train
washing dishes,49_POrbRU_o,36,46,train
washing hands,49kP1fYr9z8,52,62,train
making bed,4A3lg2hj8-E,101,111,train
cooking chicken,4BcE3sXjjzM,173,183,train
mopping floor,4CRacVTadPQ,81,91,train
folding clothes,4Ci6ToQuACU,14,24,train
washing dishes,4CzXhG6tkdY,104,114,train
mopping floor,4Ee62FQQ07Y,10,20,train
washing hands,4EnrQxswWDs,69,79,train
mopping floor,4FII-DhhI4g,2,12,train
washing hands,4FuP03hsGzQ,126,136,train
cooking chicken,4GXgXcY8v9w,179,189,train
washing dishes,4G_b7m33lic,111,121,train
mopping floor,4GyIZZvdRu4,62,72,train
doing laundry,4HWg_GDHDME,44,54,train
folding clothes,4HiGA5p2M4I,171,181,train
cooking chicken,4IJorho8zGc,16,26,train
baking cookies,4IubMAyyKG4,68,78,train
cooking chicken,4JOtr2ba7iA,534,544,train
washing hands,4JeAj6gftvM,32,42,train
folding clothes,4K55eb2UUeA,12,22,train
washing dishes,4LF0hL-mgks,208,218,train
mopping floor,4Mo-IYfNKBo,6,16,train
cleaning toilet,4QRdRcSgekU,392,402,train
cleaning toilet,4QrBsB7FC6I,56,66,train
making bed,4R3ErGt6O0Q,169,179,train
baking cookies,4TiMmhpCTWo,4,14,train
baking cookies,4VoU71Fo8xE,51,61,train
baking cookies,4WwzlnssXRY,757,767,train
washing dishes,4X14kis6Dk0,1,11,train
folding clothes,4XBlHZPceO8,198,208,train
mopping floor,4XQ748lpkR8,77,87,train
washing dishes,4XsXP89oRRY,3,13,train
mopping floor,4Y7vXO5f_aI,0,10,train
sweeping floor,4YYYVTK8VmM,29,39,train
cooking chicken,4Z-P8GQ4i9o,63,73,train
baking cookies,4Z6inEyZqBQ,241,251,train
washing dishes,4ZvFUgT4270,8,18,train
baking cookies,4aH2hFZnSD8,286,296,train
doing laundry,4axkMZP-hYI,255,265,train
making bed,4bl8pHHizyU,10,20,train
washing hands,4bnk1eyVJ4o,12,22,train
sweeping floor,4c_oN8vFXgQ,24,34,train
washing hands,4d1K4B9qn4A,51,61,train
baking cookies,4dyDAcWt5vo,260,270,train
folding clothes,4eeNvKKAY-c,101,111,train
doing laundry,4esUZKQooEM,2,12,train
baking cookies,4fOqzW7l9IQ,17,27,train
mopping floor,4gJRVUQ65M4,75,85,train
making bed,4iZvoZc0V1Q,445,455,train
cleaning toilet,4jhOI7T9FJU,0,10,train
washing hands,4k6uLW_faNo,37,47,train
washing hands,4mskdgbW-mA,3,13,train
mopping floor,4myV0UXALTE,29,39,train
washing hands,4nILpBpGDPI,11,21,train
washing dishes,4oDF9MO2mGM,22,32,train
cooking chicken,4pO_6u9VSa8,46,56,train
folding clothes,4rIwnX15l_w,36,46,train
mopping floor,4rZOjVH_vRg,9,19,train
washing hands,4snjXM10i3s,39,49,train
cleaning toilet,4st5YsnDm5c,180,190,train
folding clothes,4tkgVd4sc6o,80,90,train
baking cookies,4ufeLtVi-_Q,217,227,train
mopping floor,4vq6CvX0QUw,13,23,train
baking cookies,4wLwBzMZ0lM,393,403,train
baking cookies,4wpKE8NtPCs,163,173,train
doing laundry,4y6NZrH8leI,35,45,train
doing laundry,4zEkAv6Xfgw,118,128,train
washing dishes,4zz_Rerj2Ws,5,15,train
baking cookies,5-Kah6fnauE,7,17,train
mopping floor,5-Qr8Mczr70,102,112,train
sweeping floor,50yzq7uDnM8,0,10,train
cooking chicken,5175RvrKaOk,178,188,train
cleaning toilet,51ZX9ao_-Bo,50,60,train
folding clothes,53FvqTeDfgo,0,10,train
cleaning toilet,53mNzUlhh5c,65,75,train
cleaning toilet,53qJZ1c5UuM,20,30,train
washing hands,5448XQQ3cFw,77,87,train
mopping floor,54Ad5cd5evk,29,39,train
sweeping floor,54lHP-bTDqw,58,68,train
washing hands,55asLD18g2Q,112,122,train
washing dishes,55h5kVozCu4,15,25,train
making bed,56yF48AvBDE,45,55,train
washing hands,58sPeLU4AIw,40,50,train
washing hands,591l15iaX-E,0,10,train
sweeping floor,5AKyTuE7Vug,1,11,train
washing hands,5BZ2J3z41EI,0,10,train
baking cookies,5CLmy0mnknU,36,46,train
washing hands,5CzQYoiDIsQ,41,51,train
sweeping floor,5EQ_ISuJf8o,92,102,train
washing hands,5FPcj16kVQs,13,23,train
washing dishes,5FTslNAnVVs,10,20,train
baking cookies,5G7OeGA72L0,4,14,train
mopping floor,5Gt0DrmUrnk,0,10,train
cooking chicken,5I7ZBj_UMew,261,271,train
cooking chicken,5ILxY4k7_ww,205,215,train
cooking chicken,5K0l2Uv8ZH0,174,184,train
cooking chicken,5LABFsXbiUE,72,82,train
washing hands,5LyqV0HFj8c,0,10,train
making bed,5N5fZIY5IV0,25,35,train
washing dishes,5NmM_UtM18I,23,33,train
mopping floor,5Okmg2aEwxI,249,259,train
cooking chicken,5OtE4Jix4j4,91,101,train
washing dishes,5Oun_O94Nss,10,20,train
washing dishes,5OyrZYAEk5U,8,18,train
washing hands,5P1uXPkes_8,4,14,train
mopping floor,5P9df53iMxQ,5,15,train
washing hands,5PGip-s42Sk,98,108,train
mopping floor,5Qrn3k6EkNo,16,26,train
cooking chicken,5Rg1PGRV5fM,117,127,train
making bed,5SSW0o2IP_g,28,38,train
baking cookies,5WMewyIvfrE,19,29,train
baking cookies,5Wv56QCoKyU,195,205,train
washing dishes,5YBEGsAYhP0,211,221,train
washing dishes,5YV-4hqujUY,21,31,train
folding clothes,5ZJ0T-E-cN8,112,122,train
washing dishes,5_P8bYvyuY0,3,13,train
cooking chicken,5_ijQnTQH2c,93,103,train
mopping floor,5a6hT3qlP6A,10,20,train
washing dishes,5axAdpluhvw,50,60,train
cleaning toilet,5cTIQmDxzIQ,294,304,train
washing dishes,5e8Y6ol-8p8,2,12,train
folding clothes,5ecxTlOwtEc,87,97,train
sweeping floor,5f_CxV4eIrU,15,25,train
doing laundry,5fdjeWMVscM,33,43,train
cooking chicken,5gGBrHk1qQA,52,62,train
sweeping floor,5h3dzg5NEFg,3,13,train
folding clothes,5hD03KB2H6w,31,41,train
cooking chicken,5hVE8UYSdw0,151,161,train
washing hands,5iJOt5svhxk,15,25,train
cooking chicken,5jhyNchGmRc,189,199,train
washing dishes,5kX0B3AYe84,18,28,train
making bed,5kfkeAoWihc,13,23,train
making bed,5kxLAVyHSA8,138,148,train
cleaning toilet,5la7cmE3hJ8,4,14,train
baking cookies,5mCQCWdDQao,3,13,train
washing hands,5n6t85pQRs8,26,36,train
washing hands,5nAuKJ241Sc,12,22,train
baking cookies,5oNizDQBsU8,325,335,train
doing laundry,5osvBYChUg8,3,13,train
doing laundry,5r6rxFx8ofs,75,85,train
washing dishes,5rkkyBNqPrc,105,115,train
making bed,5tujNM78BOU,3,13,train
washing hands,5u2oLFFI070,32,42,train
washing hands,5v0GOf3Af3s,25,35,train
folding clothes,5wDARWk98nM,14,24,train
washing dishes,5wOmHw6Boj8,16,26,train
folding clothes,5wlLrPP9Ca0,1,11,train
doing laundry,5y6QPtJaKoM,40,50,train
baking cookies,5zrytE7_LkU,353,363,train
doing laundry,6-UBRxJv6QM,37,47,train
washing hands,61DhaE9kdOc,0,10,train
washing hands,63rUZEOrHSQ,11,21,train
washing hands,63s6EkOcLvo,178,188,train
baking cookies,64Of5N2ySJM,635,645,train
washing dishes,64UBH371Jj8,4,14,train
washing hands,65O2GrpJ7oE,0,10,train
making bed,65ci19SpSe0,33,43,train
baking cookies,65urvinTmEQ,145,155,train
cooking chicken,66QXkqal1fo,132,142,train
cooking chicken,66axeDiTveY,157,167,train
folding clothes,673_zZfIRJs,67,77,train
mopping floor,68SZHmnp4fI,59,69,train
sweeping floor,69XCCb6Cvhs,108,118,train
washing dishes,69oB6QLShW4,237,247,train
cooking chicken,6AsmFje9dGk,123,133,train
cooking chicken,6AyyQrxQNWs,64,74,train
baking cookies,6BOMNZWWUZc,20,30,train
baking cookies,6C21Ss3K_iE,61,71,train
mopping floor,6CPoIWmD19M,4,14,train
washing hands,6D0bRCQr_4Y,24,34,train
cleaning toilet,6DjDLCzQtk0,28,38,train
washing dishes,6EkBez2J74c,68,78,train
cooking chicken,6EpcxnLttDI,11,21,train
cooking chicken,6F5C1YOj33Y,84,94,train
washing hands,6FabYox-WRY,131,141,train
washing hands,6G5RK7SA4n8,21,31,train
cooking chicken,6GmfMTashYE,252,262,train
making bed,6H-x7z8o6tk,197,207,train
mopping floor,6HMRf2HIWw0,68,78,train
folding clothes,6HjmIE2yo8g,18,28,train
cooking chicken,6HwnAdo_IlQ,271,281,train
making bed,6ISP-Z1wNl4,95,105,train
folding clothes,6LVrbTVtzJc,71,81,train
sweeping floor,6LmZQP_7jqA,41,51,train
washing hands,6MdJA8iOk5Q,85,95,train
washing hands,6OoOIlxG2Mg,38,48,train
sweeping floor,6PVOuYOB_As,23,33,train
washing hands,6QYLUzI49u8,83,93,train
sweeping floor,6QkEqU-izlc,30,40,train
making bed,6StDf8Re9M0,106,116,train
mopping floor,6Sx4TAEHeqE,21,31,train
baking cookies,6TK8J8gJ738,308,318,train
washing dishes,6TrBEueAqu4,70,80,train
cleaning toilet,6TxI8cRwXFA,83,93,train
baking cookies,6UL2F71ud_k,28,38,train
baking cookies,6Ua9ZMpEnz4,304,314,train
mopping floor,6VAWUUQ6dj8,0,10,train
doing laundry,6VNgBc9fnKg,76,86,train
washing dishes,6VQz2ogCp2Q,34,44,train
washing hands,6ViW4rOiiao,43,53,train
baking cookies,6X8QZFadY-U,252,262,train
sweeping floor,6YrcTIuPEFw,20,30,train
baking cookies,6ZcjH6BbufY,0,10,train
cooking chicken,6Ze4R4mbcfk,24,34,train
folding clothes,6_CKo6H3hI4,0,10,train
baking cookies,6_XemTR_Akk,39,49,train
sweeping floor,6aGct9vBepI,40,50,train
cooking chicken,6b4gXkX04Xw,147,157,train
folding clothes,6cSd59fqzpk,2,12,train
folding clothes,6csip7jCrIQ,42,52,train
washing dishes,6drfeyXtH0k,40,50,train
cooking chicken,6eJHsxZKLmM,42,52,train
cooking chicken,6eL-kY_ojDI,86,96,train
mopping floor,6efrH_csPq4,3,13,train
making bed,6f5sT-KBEKE,145,155,train
doing laundry,6fI9oGwmYaI,33,43,train
cooking chicken,6fw_X9Qt1Qo,93,103,train
baking cookies,6gQIfnZZ7SA,4,14,train
baking cookies,6gmc79zOAQc,121,131,train
making bed,6hnP_nS38u8,64,74,train
making bed,6iXZaL-cavw,40,50,train
sweeping floor,6j2Y_COBsuI,12,22,train
washing dishes,6lgfRCqIvjI,24,34,train
washing hands,6lzVpj1DP8E,61,71,train
washing dishes,6mnoOfHsvRM,2,12,train
doing laundry,6q1MyI4yEco,10,20,train
mopping floor,6qkBW7KGnwI,23,33,train
baking cookies,6rnD7N3gNy0,2,12,train
baking cookies,6rt_mZ0-TJI,347,357,train
folding clothes,6rxIgFYhtK4,4,14,train
cooking chicken,6skjbVDVEg4,568,578,train
washing hands,6vYdv4ErW9w,16,26,train
washing dishes,6wUucppNpEc,0,10,train
washing hands,6wVZUF-Vh5Y,8,18,train
making bed,6xWB9Zjpza0,82,92,train
making bed,6xcsucj3sNY,435,445,train
cooking chicken,6ykqgqoBBZw,0,10,train
washing hands,6z6iFou8nW0,58,68,train
washing dishes,6zFJrZ584CQ,8,18,train
folding clothes,6zxOOM_LfCg,5,15,train
cleaning toilet,7-7uMNz5iV0,14,24,train
making bed,7-iJKAx_YUM,222,232,train
washing hands,7-s6VDV94oE,21,31,train
cooking chicken,70AUctACKcM,35,45,train
sweeping floor,71MPbBpmptg,3,13,train
washing dishes,73nrOkGSlk0,22,32,train
washing dishes,74iodWPPH7M,28,38,train
sweeping floor,751u9N8SBlk,61,71,train
washing hands,75uYCCHGLkw,11,21,train
washing dishes,76nrHUTBrgk,19,29,train
doing laundry,7712i5IsLTQ,1,11,train
cleaning toilet,77Sh2T7swuY,111,121,train
folding clothes,78EjWJSjUxA,0,10,train
cooking chicken,78Gydf4V_Xg,164,174,train
baking cookies,79BxmBb0FjY,170,180,train
cooking chicken,79ddi0_Jnl8,147,157,train
baking cookies,79sax2zd6rk,20,30,train
sweeping floor,7AeThKEcmI8,2,12,train
baking cookies,7BhET1oWVZQ,65,75,train
mopping floor,7BsBl4sl2B8,134,144,train
cooking chicken,7E-RzdShGBU,155,165,train
washing dishes,7F-d52Ft5ac,34,44,train
mopping floor,7FPvAakfM9Y,33,43,train
baking cookies,7G4BVSjsQz0,88,98,train
cooking chicken,7GE-5t2RjYU,12,22,train
washing dishes,7GGWSyAjxOk,42,52,train
sweeping floor,7H18TuuqVME,14,24,train
cooking chicken,7KMQtSGF_mg,290,300,train
sweeping floor,7KNhwGrDqO4,1,11,train
doing laundry,7KnzBBIwgGg,61,71,train
washing hands,7Kv5ghv97Qo,123,133,train
making bed,7L29WCRihyo,7,17,train
folding clothes,7LXveMKs26k,68,78,train
washing dishes,7O2H2IgEK64,101,111,train
doing laundry,7SLzndzjL9w,13,23,train
baking cookies,7TYDyd-wpyY,16,26,train
cleaning toilet,7Taawefc7Fg,136,146,train
making bed,7U7huJ4GEtw,9,19,train
cleaning toilet,7Wji_qDfwVY,337,347,train
cooking chicken,7XgW-lFB-1E,98,108,train
making bed,7XkUVG9iegE,18,28,train
washing hands,7ZPn-7-t3ZY,2,12,train
baking cookies,7Zmnap6VzK8,9,19,train
folding clothes,7_g0qFa4izU,1446,1456,train
baking cookies,7a_tBDe0FZc,210,220,train
making bed,7cMP24pxfXs,281,291,train
doing laundry,7d1sB-ZEqKk,29,39,train
sweeping floor,7ddXOvNFG-8,97,107,train
folding clothes,7f0DqT2zxTQ,85,95,train
washing hands,7fEZVaSgahE,2,12,train
doing laundry,7fRljoi32nU,18,28,train
washing dishes,7hMrNlp_6Yc,1,11,train
cooking chicken,7ihqbdDYl_8,69,79,train
doing laundry,7in1YseTaOM,48,58,train
baking cookies,7ja9looPOEw,414,424,train
folding clothes,7jlnLst3s14,76,86,train
washing dishes,7krt6k2ujlo,373,383,train
making bed,7nszxUtqR3c,3,13,train
cooking chicken,7nuf-KGwHTY,175,185,train
washing dishes,7qKGZWiY_Mc,10,20,train
sweeping floor,7qfb7sEjexY,4,14,train
making bed,7qrYosDBSvI,201,211,train
washing hands,7s0ixX-mfgg,46,56,train
cooking chicken,7sAYajXUZo4,378,388,train
washing hands,7u8PvkgXjzw,74,84,train
cleaning toilet,7uMfqhG1PPU,11,21,train
doing laundry,7uUU5ot-xqo,35,45,train
making bed,7uqlVZtydbM,3,13,train
folding clothes,7vCDcSsSP_Y,80,90,train
washing dishes,7vHhk8ASXRo,1,11,train
cleaning toilet,7vZBSfnFQYY,22,32,train
sweeping floor,7vcsqzS3EZU,15,25,train
cooking chicken,7vdQ1BwpQoA,572,582,train
sweeping floor,7vp-Hceoo9E,2,12,train
mopping floor,7w_9dc-DzxU,16,26,train
washing hands,7wrPzWuctq0,2,12,train
washing hands,7xCbBoEBfYk,83,93,train
sweeping floor,7zDvgWY_FSs,32,42,train
sweeping floor,8-GR6Xw8Ug8,13,23,train
making bed,80bzI-pN83Y,77,87,train
baking cookies,80iHPdAsfZ8,18,28,train
cooking chicken,81kKfo31KwA,172,182,train
washing hands,834rPAlCp54,57,67,train
washing dishes,84726QmP1yU,1,11,train
making bed,84YdIpJp618,187,197,train
baking cookies,85IGuzrAMTI,190,200,train
doing laundry,85uuutw02AU,50,60,train
washing dishes,87BqcZKBzfQ,30,40,train
mopping floor,87WMPkJN78U,1,11,train
mopping floor,87ZgPfg4vRQ,52,62,train
washing hands,89SXXUKrgCw,117,127,train
cooking chicken,8AAybyyj_MU,264,274,train
washing hands,8DX6zxnA_tE,84,94,train
making bed,8DZQtPHL7W0,482,492,train
mopping floor,8DlvRudzDjo,38,48,train
cleaning toilet,8F5Ss4jfdMQ,18,28,train
cleaning toilet,8FTq2bZhP7E,49,59,train
washing dishes,8FhstbPUfDk,106,116,train
folding clothes,8FmuJldTNQ8,518,528,train
cleaning toilet,8FtqYo4vwFY,127,137,train
cooking chicken,8HG_raAiRVs,263,273,train
baking cookies,8ImKNRTOz8c,3,13,train
washing dishes,8IqHQwVqg8g,76,86,train
washing hands,8J3R_Rfk7E4,10,20,train
baking cookies,8JJ7yYJr5qE,85,95,train
making bed,8KEpVgy-fbU,26,36,train
making bed,8LK8Naou3Mo,12,22,train
washing dishes,8LrH80mQ-W0,4,14,train
washing dishes,8NkYwmG2vTs,504,514,train
mopping floor,8Nr4ILm7bwc,0,10,train
cleaning toilet,8ON-F_HOJ_c,58,68,train
cooking chicken,8P2mxyyzZrs,349,359,train
baking cookies,8Rm-u4owS3A,95,105,train
making bed,8TdzP3LnjIs,226,236,train
cleaning toilet,8UDhufHCBQM,13,23,train
baking cookies,8UWf5-llXhY,110,120,train
washing hands,8WOhYFNyTec,111,121,train
baking cookies,8W_0eZYmCwY,742,752,train
washing hands,8YFEV4mRy70,19,29,train
cleaning toilet,8a-HwIL8sts,2,12,train
washing dishes,8a9221ySvR0,4,14,train
folding clothes,8aBu4nDF3i8,16,26,train
washing hands,8aFScwLub1o,16,26,train
washing hands,8b1Z5fBDHds,20,30,train
doing laundry,8bHd6Ah214M,73,83,train
washing hands,8bKEsPKS8i8,14,24,train
doing laundry,8bcdm0xYaA0,0,10,train
washing hands,8by_RJVcvS0,25,35,train
washing hands,8ch7ES7sXfk,58,68,train
washing dishes,8ciI6Q_FYw4,15,25,train
folding clothes,8cxyEhMqpRw,7,17,train
washing dishes,8dGop-7veQA,58,68,train
cleaning toilet,8diuaVb2r38,2,12,train
cooking chicken,8dproeu7cTI,2,12,train
cooking chicken,8ebL87byDZg,34,44,train
baking cookies,8fAGLjGI3Mo,252,262,train
cooking chicken,8g-ppTPGSLI,222,232,train
washing hands,8gZPUTTmyE4,4,14,train
baking cookies,8hXHdFkAvHA,350,360,train
sweeping floor,8iXcuHRfceA,34,44,train
doing laundry,8jS7shslC1M,4,14,train
washing dishes,8ja9tcoRMqU,216,226,train
sweeping floor,8kljJfhc-SU,1,11,train
doing laundry,8lRC1tNDXd0,11,21,train
cleaning toilet,8ot63OfOQWU,58,68,train
sweeping floor,8ot6Ic8o62M,0,10,train
sweeping floor,8p6OKFiMHj8,10,20,train
mopping floor,8pBqJaZS6As,10,20,train
folding clothes,8pEVKedqERU,0,10,train
washing dishes,8pEylvyx-lM,20,30,train
making bed,8sG97Nm9yPw,374,384,train
washing dishes,8t9CaS_m4ho,23,33,train
making bed,8tcj4BbmFmE,263,273,train
washing hands,8tqbL3t-Wcc,10,20,train
baking cookies,8u0_XMh7ccg,329,339,train
sweeping floor,8u6q4PpI66g,10,20,train
doing laundry,8w_N-KoK8vM,131,141,train
washing hands,8xDT8rzezkM,73,83,train
doing laundry,8yY4DNZ-V34,25,35,train
cooking chicken,8zipMT9DnUg,259,269,train
baking cookies,9-NgyujegZI,252,262,train
folding clothes,905KtFs0VGw,33,43,train
washing dishes,91HSVhRU2ys,2,12,train
making bed,91r0tt4qkoo,138,148,train
cooking chicken,925u1qdT9zY,34,44,train
folding clothes,93M5vRuJP0c,40,50,train
making bed,94ALIcZgzBM,35,45,train
doing laundry,94Caka8M6Y8,65,75,train
doing laundry,94Eg_1Qsi_o,181,191,train
folding clothes,94LKKUNscnc,25,35,train
baking cookies,95P9F-j9qQk,139,149,train
washing dishes,969kylY3yf4,25,35,train
cooking chicken,96q99M9qT24,306,316,train
baking cookies,981I6esF4NQ,204,214,train
cleaning toilet,985A7dA1HOc,73,83,train
cooking chicken,99gTpO11if0,327,337,train
washing dishes,9Bcna2ouebU,71,81,train
washing dishes,9CvLnMnJ7lQ,128,138,train
mopping floor,9DOgeEv6QCg,49,59,train
washing hands,9DgBBl7-YVo,24,34,train
washing hands,9E7nO2eh2TM,11,21,train
washing hands,9F7MH87VwxE,65,75,train
baking cookies,9FDABysmtOU,0,10,train
cooking chicken,9Flwa3SYFfA,197,207,train
folding clothes,9Fr76pSDU_I,44,54,train
cleaning toilet,9Ge3rvFK350,53,63,train
sweeping floor,9GvMCNMaQYU,21,31,train
baking cookies,9H8SaQnMdW8,96,106,train
cooking chicken,9IGIB0B4yQY,184,194,train
making bed,9Iwdw4ItyKU,10,20,train
cooking chicken,9Jgddvi4CPg,31,41,train
baking cookies,9K3vw5SGhkw,12,22,train
washing hands,9KIIOTvKcY4,29,39,train
cooking chicken,9LDznozzzoQ,158,168,train
washing dishes,9Mr1MKv25Zg,16,26,train
cleaning toilet,9NimMQyM_8g,45,55,train
cooking chicken,9O1bScEDLvA,118,128,train
baking cookies,9OgQ-YGacMA,200,210,train
washing hands,9OqYdScg6b4,18,28,train
washing hands,9QL156Jiojs,18,28,train
doing laundry,9RB3cQMUNuI,29,39,train
cleaning toilet,9Rf7Y6CoE7k,58,68,train
baking cookies,9Rtxo-RRwRk,2,12,train
washing dishes,9VM0vRVSztc,12,22,train
baking cookies,9WcUjWU42gU,272,282,train
washing hands,9YUfsw3q_BI,3,13,train
making bed,9YyYYmIjz0Q,14,24,train
washing hands,9a-rp1phPwU,4,14,train
mopping floor,9aTSv2IJbvo,40,50,train
washing dishes,9afe3QsP6PY,3,13,train
washing hands,9aygfFqe23A,1,11,train
cleaning toilet,9bLGgjqvOe4,50,60,train
cleaning toilet,9duASME70GE,1,11,train
cooking chicken,9eFZgSUgw2I,53,63,train
folding clothes,9eki4LXaXPc,1,11,train
washing dishes,9em9BhqG2kQ,48,58,train
cleaning toilet,9gPonTcJBx8,65,75,train
folding clothes,9gnchQkgERs,11,21,train
making bed,9hX2CVhHRXg,69,79,train
washing dishes,9hvXJWIgpc4,84,94,train
washing hands,9jQ7j80H_eA,63,73,train
washing dishes,9jRAxk5dpAs,18,28,train
washing dishes,9jkXWPTo8hA,42,52,train
washing dishes,9l9sYrh8jKA,35,45,train
washing dishes,9lG8ZNSFggE,25,35,train
washing dishes,9lqZAd6D3dw,113,123,train
folding clothes,9lzMap29zD0,2571,2581,train
washing hands,9mJDbtJKHSU,17,27,train
sweeping floor,9mVDqyXHXp0,0,10,train
sweeping floor,9myinyGMIBc,73,83,train
baking cookies,9nzovh25kaY,402,412,train
cooking chicken,9ooDjkoClhU,138,148,train
baking cookies,9oupNzep9yY,303,313,train
cooking chicken,9pJd4jqsZSg,79,89,train
cooking chicken,9qRLbTGVkbM,103,113,train
doing laundry,9r8SO1bSsNI,133,143,train
washing hands,9rEvUY4euFk,13,23,train
cleaning toilet,9sDL9eFuPp0,15,25,train
cooking chicken,9sOTs6bWkSE,195,205,train
washing hands,9tX19TR5t2s,88,98,train
sweeping floor,9vjr6rPXCjo,11,21,train
doing laundry,9w42JfVZEfw,24,34,train
making bed,9wXqdQ6W__E,153,163,train
doing laundry,9waPdJoh-lU,11,21,train
doing laundry,9x8FxqP1cEs,11,21,train
folding clothes,9xibzf61kWA,1,11,train
washing hands,9zJUzneCGME,38,48,train
washing hands,9zPloZwrGAE,55,65,train
washing dishes,A-KkomWPFcg,7,17,train
cooking chicken,A-U6b6a6va0,218,228,train
making bed,A-ffVCtxtDA,180,190,train
sweeping floor,A-oDyhOgPtQ,16,26,train
cleaning toilet,A0bK01tVXpc,46,56,train
making bed,A1-MG5fhaOw,168,178,train
cooking chicken,A26ixTIqwHQ,0,10,train
baking cookies,A2bNrvS3lyQ,254,264,train
washing hands,A3BqDeFBujU,16,26,train
baking cookies,A3TOEgFMVQw,478,488,train
baking cookies,A4xQM-KBC_k,63,73,train
sweeping floor,A5w8HLVwFDg,1,11,train
cooking chicken,A6GWWgwvVRk,316,326,train
cooking chicken,A8VfWSdgrIc,290,300,train
cooking chicken,A94UKFeSWo8,232,242,train
folding clothes,A9rFEFr0E7E,11,21,train
washing dishes,AADCIlca3Rw,15,25,train
baking cookies,AA_E3z94Kdk,585,595,train
washing hands,AAh4l_z6nb8,3,13,train
cooking chicken,ABF6eVpivag,285,295,train
folding clothes,AD-DtCVbVDQ,44,54,train
cooking chicken,AFI7967kNus,266,276,train
cleaning toilet,AHO127gcNNs,25,35,train
folding clothes,AHb8ICCo_MU,4,14,train
doing laundry,AIq5XtopJn4,11,21,train
cooking chicken,AIwHSkuqC1Y,992,1002,train
making bed,AJR73UkAkZ0,74,84,train
cooking chicken,AJaYDaL8kMQ,1883,1893,train
washing dishes,AK5Yg18bmJY,53,63,train
cleaning toilet,AK_TMVxHXlk,133,143,train
cleaning toilet,ALNFCAcWPz8,2,12,train
folding clothes,AMscqWKWAgE,27,37,train
washing hands,ANf4b4YzTT4,0,10,train
cooking chicken,AP9g-NvAQwY,83,93,train
folding clothes,APUc4PVsLmI,455,465,train
folding clothes,AQaygMdrsuM,2,12,train
cleaning toilet,AUq5JDLscNU,65,75,train
baking cookies,AVpasLboDJM,136,146,train
baking cookies,AWdSR1ORALw,60,70,train
baking cookies,AWdUZ0rruFU,342,352,train
sweeping floor,AX5UZ0sYlqs,3,13,train
washing hands,AXYP3hDrP-k,27,37,train
cooking chicken,AY1CsIuu3jg,229,239,train
washing dishes,AYhvZ4wwV-c,41,51,train
making bed,AZHOyfx3mU8,66,76,train
cooking chicken,AZupt2NkeRQ,108,118,train
folding clothes,Aa9YODATX0E,1,11,train
mopping floor,Ad20HE4pcr4,1,11,train
baking cookies,AdR80IgvmDM,57,67,train
making bed,AdcZ5cj4P2I,12,22,train
cooking chicken,AdjGBJ5sLqA,316,326,train
cooking chicken,AdjqRJ5aGB8,86,96,train
making bed,AdwS9UEt1Jg,125,135,train
washing hands,Ae4Y6o01PME,64,74,train
making bed,AeOC8lozqVk,21,31,train
washing dishes,Aedciaa6hIs,3,13,train
doing laundry,Af96X3LmXng,56,66,train
washing dishes,Af9UOOCee_I,1,11,train
making bed,AfG955p7vxg,6,16,train
washing dishes,AfUu4S9Esyg,4,14,train
cleaning toilet,AgLgR4VDNHk,129,139,train
folding clothes,Aghg4UqQwwQ,24,34,train
mopping floor,AivSWamGfjM,24,34,train
cooking chicken,AjSwqcJQZ74,250,260,train
cooking chicken,AmWxfGmlzn0,313,323,train
folding clothes,AmmUfd26djU,4,14,train
folding clothes,ApT21UbPmEg,238,248,train
cleaning toilet,Aq-7tJK5tm0,215,225,train
baking cookies,ArkM_h1jW6M,47,57,train
baking cookies,AudUoUphC4M,61,71,train
sweeping floor,AvCq89ntbLg,176,186,train
folding clothes,AvVNMkxYPGk,1,11,train
cooking chicken,Aw3Q3buNmgg,130,140,train
washing dishes,Aw9HCZREJoU,0,10,train
washing dishes,AwX-SLvpny8,30,40,train
cooking chicken,Awm6MWRRAa4,222,232,train
doing laundry,Awv_Yr19c4I,7,17,train
washing hands,Ax75yAW9zFo,236,246,train
mopping floor,AxBuPIt4m2k,0,10,train
washing dishes,B-65MpDqEuM,85,95,train
baking cookies,B-Ewg8pusf4,7,17,train
cooking chicken,B-SQ8cYQSMk,222,232,train
mopping floor,B0rorWq-j44,18,28,train
making bed,B1KvlpIDCzw,63,73,train
cooking chicken,B1arW5JeGeA,205,215,train
baking cookies,B1z9EYJggAo,166,176,train
washing hands,B21xjJ8DYOM,25,35,train
cooking chicken,B2jawJv5Nb4,20,30,train
cooking chicken,B2oK-Y26eSI,137,147,train
folding clothes,B56YQC9f75s,0,10,train
sweeping floor,B5MDp1JXcDs,8,18,train
washing dishes,B5unVRRvC2Q,8,18,train
washing hands,B6-o9wfsVuE,3,13,train
washing dishes,B7YrdUEw9g0,28,38,train
sweeping floor,B8Cmmhe-f_k,14,24,train
making bed,B8O05lXi5CQ,16,26,train
washing hands,B8Ttif3qjSI,14,24,train
cooking chicken,B8YSVKMq20M,429,439,train
mopping floor,B9ea7YyCP6E,0,10,train
mopping floor,BB6Ek4DR5o4,3,13,train
cooking chicken,BDReWmFgDP0,178,188,train
cooking chicken,BDbTkmhDM2A,87,97,train
folding clothes,BDqZ30Wr14A,8,18,train
washing dishes,BEfwwxGBU-w,77,87,train
washing hands,BEjf-gpo2ZQ,71,81,train
baking cookies,BFmEYJwwpW8,4,14,train
doing laundry,BGSWS2SB6i8,40,50,train
cleaning toilet,BGX2bjtcMfc,63,73,train
washing hands,BGsN198GVjA,23,33,train
making bed,BIiNNK0Ez-E,56,66,train
baking cookies,BJi4ARo8S-o,804,814,train
folding clothes,BKS_3NOvxVQ,52,62,train
folding clothes,BKqNlNdJigs,11,21,train
washing hands,BLamvR0GIE8,4,14,train
mopping floor,BLpKwYvcz14,41,51,train
making bed,BPF5P2IY2hc,34,44,train
mopping floor,BPh4jLE2e7A,98,108,train
washing dishes,BPwzGczv3RU,28,38,train
washing hands,BQ4dqlqZpXY,109,119,train
washing dishes,BR1mASL3lTU,4,14,train
cleaning toilet,BRdPjMp6C5k,111,121,train
baking cookies,BSUsbyVy1W0,158,168,train
washing dishes,BUFhT1GsMU0,208,218,train
sweeping floor,BV70o6ODqxE,23,33,train
washing dishes,BV8hSZlSsCI,69,79,train
folding clothes,BVDYq5-IeIA,8,18,train
doing laundry,BWqOCs4yVo4,0,10,train
making bed,BX5RcOB-3lg,182,192,train
cooking chicken,B__XRPoED3I,265,275,train
washing dishes,Ba1arlyPybk,128,138,train
baking cookies,BcOmDshPXSQ,634,644,train
washing hands,BdT_kiExlNo,65,75,train
baking cookies,BduTx1Zn43c,11,21,train
making bed,BdyjmktOXIc,19,29,train
washing dishes,BeHBbzEiRrE,1,11,train
cooking chicken,BeRd0bat6cc,192,202,train
cleaning toilet,BeRsC-tXkhw,22,32,train
cleaning toilet,BfB3HZNCyX8,0,10,train
mopping floor,BgW7wFvwdl8,42,52,train
mopping floor,BhGrdNRhDbA,15,25,train
cooking chicken,BhiWVwueRNo,229,239,train
cooking chicken,BiHb0qGx0Dg,19,29,train
cleaning toilet,BiUYVU6jQcA,6,16,train
washing dishes,Bj1kYQ1Pv2c,1,11,train
washing dishes,BjjN_aq_wq4,42,52,train
washing hands,BkO92yU1oqY,94,104,train
folding clothes,BkXupqPClwM,11,21,train
folding clothes,Bm6XGx7CGU8,191,201,train
mopping floor,Bm9L3rt9gJw,4,14,train
doing laundry,BmH1vRJdjtc,373,383,train
folding clothes,BmOfppeOX0Y,27,37,train
washing hands,BmUd2XFya_A,0,10,train
making bed,Bma83zMfzQQ,88,98,train
cleaning toilet,BnJDg9IEsBc,58,68,train
doing laundry,Bo0yrgn9zk4,87,97,train
making bed,BoI12zbhOEw,127,137,train
washing dishes,BoyTgfjF16U,5,15,train
cooking chicken,BpX6Hst5iv4,244,254,train
making bed,Bq0R48bHZnY,412,422,train
washing hands,Bqh9jjqEWAo,68,78,train
making bed,Br6SvOvfFtI,0,10,train
baking cookies,BsTSm9hqZvM,29,39,train
washing dishes,Buo9fLKaaJ0,86,96,train
baking cookies,BvBvdawr6RU,12,22,train
baking cookies,BvVgAtjsbKs,387,397,train
doing laundry,ByF8Pg3xXNA,0,10,train
mopping floor,Byf2QeGhqj8,1,11,train
washing dishes,Byfno7q1T-w,231,241,train
doing laundry,BzKJpnrkyr8,10,20,train
cleaning toilet,Bzi4C40icYo,3,13,train
making bed,C0R1bM-mAII,0,10,train
doing laundry,C0WpW2nQhX4,65,75,train
washing dishes,C1NKrKZCLPM,54,64,train
cleaning toilet,C1Ya5kGj45U,140,150,train
doing laundry,C45UEQ5Oxno,75,85,train
washing dishes,C4R_KWYCh6o,157,167,train
baking cookies,C59Z-Kw40kM,240,250,train
washing hands,C5I0t980OGk,45,55,train
baking cookies,C5KcdwGSvbw,102,112,train
washing hands,C5WtSXjnPvk,48,58,train
washing hands,C6SPwbLCtc0,178,188,train
cleaning toilet,C7PqKVsmIZg,55,65,train
making bed,C7vU3D7yzwY,3,13,train
cooking chicken,C8ogK9Bg8R4,118,128,train
mopping floor,C8xjbUqkkzs,7,17,train
making bed,C9TN1DsMxTA,31,41,train
making bed,CAEWLmS8GqU,87,97,train
baking cookies,CAlzwfY2IW4,192,202,train
folding clothes,CB7T4NRvVN8,131,141,train
cooking chicken,CEoBAsl7zYo,192,202,train
washing dishes,CFA4x5BryYs,14,24,train
folding clothes,CFiRm4c1VBc,302,312,train
washing dishes,CG-SE5rIIHw,26,36,train
cleaning toilet,CGEPh1b29kY,66,76,train
washing hands,CHdo9jgp5jc,0,10,train
baking cookies,CHj8XwK7L14,23,33,train
folding clothes,CHjW1ci14XY,41,51,train
washing hands,CI4thzdXJF4,125,135,train
mopping floor,CIDV2JyH_FU,3,13,train
sweeping floor,CIRvFzY0YqQ,20,30,train
cleaning toilet,CIVwMpIDpv4,182,192,train
mopping floor,CJ9qVLbsSiM,108,118,train
washing dishes,CJKwvmOuhJk,2,12,train
washing dishes,CJaXccQDkRc,108,118,train
making bed,CJcFLqFStOw,173,183,train
cleaning toilet,CKfvxiVlPDA,231,241,train
washing dishes,CL43Wr3kl4I,3,13,train
baking cookies,CL5SbKH09Zo,113,123,train
sweeping floor,CLP6zEjpNmk,0,10,train
washing dishes,CLekX6LEovU,19,29,train
doing laundry,CM3tD22RxB8,4,14,train
cleaning toilet,CM9GzLpu5Cs,8,18,train
mopping floor,CMCf5aVBQJA,6,16,train
doing laundry,CMJEDej2tGE,33,43,train
mopping floor,CNj90qpbp8o,23,33,train
sweeping floor,CO-XPxjQucc,17,27,train
sweeping floor,CP9Vtimdqsg,1,11,train
mopping floor,CQ7fdKvS6xc,4,14,train
cleaning toilet,CQKMvZwQqeY,38,48,train
doing laundry,CQnMCGdEChs,80,90,train
doing laundry,CQxIBhf6RIk,3,13,train
sweeping floor,CRH597GnuiI,70,80,train
baking cookies,CRn0XWkbRRI,107,117,train
washing hands,CSC8Nm3VqrI,28,38,train
sweeping floor,CSWaCV1oyD0,16,26,train
cooking chicken,CSmlAnr5T2E,51,61,train
making bed,CSt8HQ8nKfI,4,14,train
washing hands,CSuzuJsqeRo,2,12,train
cooking chicken,CTiM-_JdMP4,130,140,train
making bed,CTvUAMYCzBI,73,83,train
mopping floor,CUAA8L9_Lj0,10,20,train
folding clothes,CV8Bo2efcyw,13,23,train
washing dishes,CW2lnqfTqVU,2,12,train
washing hands,CX3-wDV8BdE,4,14,train
cooking chicken,CYOXkmOHexM,209,219,train
folding clothes,CYXOO1zXacs,1,11,train
washing dishes,CYc3heQbiKQ,0,10,train
folding clothes,CZ-9KDXQcP4,11,21,train
doing laundry,CZk3l0JEhfs,61,71,train
sweeping floor,C_sKJI9VgiQ,47,57,train
washing hands,CaRS8f3hYUg,24,34,train
making bed,Cc09X8LTO6A,204,214,train
baking cookies,CcCqurneti8,293,303,train
washing hands,CcK_vQRbmUA,4,14,train
sweeping floor,Ccwvhn-uVjs,2,12,train
washing dishes,Ce3zVX2xqcQ,72,82,train
baking cookies,Cfj4tCL429Q,16,26,train
mopping floor,CfkbyDuqmwQ,7,17,train
washing hands,Ciu5OlrbbYI,4,14,train
mopping floor,Cj5uFZfaNGM,15,25,train
washing dishes,Cl4Acp8wrXg,233,243,train
baking cookies,ClKf34MwpOg,73,83,train
sweeping floor,Cnk8fB0kvu4,11,21,train
washing hands,CntH3-MK1Lo,27,37,train
making bed,Cp53Xvd9tGU,196,206,train
mopping floor,CpTYKfkbaZY,2,12,train
washing hands,Cq8VZQTJ1io,60,70,train
washing hands,CqqDP4vfdtE,37,47,train
folding clothes,Cu8DS3qDK6I,19,29,train
sweeping floor,CvHTYtJvExE,35,45,train
washing dishes,CvRqYcma4P0,16,26,train
folding clothes,CvYencroKQ8,339,349,train
washing hands,CvxQFE4QCKc,22,32,train
washing dishes,Cw9LRys1TVM,2,12,train
washing hands,Cwmphwgr7k0,51,61,train
making bed,CwsVH07opGg,3,13,train
mopping floor,Cy4S6P4CFxY,5,15,train
folding clothes,CyalSuBIS_M,175,185,train
mopping floor,Cyq6fudev9E,38,48,train
folding clothes,CzpMpWncjNY,28,38,train
baking cookies,D01dmHYACz4,241,251,train
cleaning toilet,D3EAzy3AHuc,64,74,train
cooking chicken,D3rKY1gZocs,328,338,train
cooking chicken,D578UdLeBEY,584,594,train
washing hands,D6CxC_8-xTQ,197,207,train
washing dishes,D7DtC917HdQ,2,12,train
folding clothes,D7jz-u6GArs,3,13,train
making bed,D7uSpHVTH2E,3,13,train
cleaning toilet,D8EA0RPVSuM,6,16,train
washing dishes,D8Wc1zEIEJc,7,17,train
baking cookies,D8X9kWCzayw,61,71,train
cleaning toilet,D8rqVtrpZSM,239,249,train
mopping floor,D9NvWAP8KJI,30,40,train
cooking chicken,DAxObFHHQBs,108,118,train
cleaning toilet,DBC4uznSVWc,3,13,train
washing dishes,DBT-HbsO_58,44,54,train
baking cookies,DBigZ9-l75w,231,241,train
sweeping floor,DDsakDXj4t8,16,26,train
cooking chicken,DEAu1SQZg6c,238,248,train
doing laundry,DExMaRaGyhc,134,144,train
mopping floor,DFVivnEzyd4,55,65,train
baking cookies,DFtB7ib-WUo,225,235,train
baking cookies,DG1DDqOldrw,1007,1017,train
mopping floor,DIgAFwrb5oI,0,10,train
washing hands,DJi5Lt9eji4,35,45,train
cooking chicken,DKChp7TE_ew,525,535,train
washing dishes,DKLXfFcjJRc,6,16,train
mopping floor,DKdp05QhybI,29,39,train
folding clothes,DLumy8cOa74,17,27,train
baking cookies,DN5X2-FY-vg,365,375,train
baking cookies,DN9itvM-two,31,41,train
making bed,DNspjMsDNAM,76,86,train
cleaning toilet,DNvWbpoAew8,94,104,train
washing dishes,DOZfclCLm2g,250,260,train
washing dishes,DQ9Gpj82Zgs,12,22,train
cleaning toilet,DRtB5QCTxVg,18,28,train
making bed,DSWkhOeOTwY,7,17,train
washing hands,DSwKQdZO_rs,41,51,train
sweeping floor,DV9MLWtG78w,13,23,train
washing dishes,DVQEgVXR7Uo,20,30,train
cleaning toilet,DVngvYKck44,0,10,train
folding clothes,DWwBfdA55mk,113,123,train
sweeping floor,DXLl_JT4UNE,0,10,train
folding clothes,DZaE3y-Hjj8,233,243,train
cooking chicken,DaItCYvCejo,180,190,train
cooking chicken,Db4aWKFqow0,321,331,train
cleaning toilet,Db7c5LpN57g,50,60,train
folding clothes,DbVGzKLW_CA,61,71,train
cooking chicken,DbqGjZqFEtc,106,116,train
washing dishes,DdSaz33Vfr4,67,77,train
mopping floor,De4-UWrrOlA,54,64,train
sweeping floor,DfRCmhtUoHk,1,11,train
baking cookies,Dfe0DpgZWxg,62,72,train
cooking chicken,Dg0mZq21dJY,205,215,train
washing dishes,Dg3aEoAu5z0,11,21,train
cleaning toilet,DgbSdUPfcL4,26,36,train
cooking chicken,DiJmelDZw4g,279,289,train
baking cookies,Djn5F7_Dy44,117,127,train
washing hands,DjtnOeXyowg,11,21,train
baking cookies,DkuGtfvrh5s,20,30,train
cooking chicken,DmzpUHC8vw8,225,235,train
cooking chicken,DnTV69jNSNU,404,414,train
washing hands,Do6oWO-WAYI,399,409,train
baking cookies,DoJY04GMV7c,13,23,train
washing hands,DoTPcOGe9EA,24,34,train
washing dishes,DqHAZKssxFM,42,52,train
making bed,DqwFNXEgN5g,114,124,train
folding clothes,DsYsMETIttA,90,100,train
doing laundry,Dss0AFJ0vQc,1,11,train
washing hands,DsuIItsmRpQ,0,10,train
folding clothes,Dt6DDNFSt_E,113,123,train
washing dishes,Dt9LYBbYYmk,1,11,train
washing dishes,DtA2dBTfQXQ,3,13,train
making bed,Du_i_DCxDxY,184,194,train
washing hands,DuziaCsKw9g,9,19,train
sweeping floor,DvWGByhc1BQ,28,38,train
sweeping floor,DvX0E8-znqI,7,17,train
making bed,DwDBN56fWqM,11,21,train
cooking chicken,Dx3hckCFdg8,368,378,train
doing laundry,Dy3X06YqTyA,0,10,train
sweeping floor,DyCY-3ednP4,58,68,train
cooking chicken,DyjHXw0tqHw,359,369,train
mopping floor,DykqeNSUTgI,2,12,train
cooking chicken,DzNubIyNq9g,8,18,train
cleaning toilet,E-fwtEV2Zdo,20,30,train
mopping floor,E0-6vT4iWuo,3,13,train
folding clothes,E0mFMdMmkeI,10,20,train
baking cookies,E1NPGDEe9Kk,102,112,train
folding clothes,E1PfVQq29P4,73,83,train
baking cookies,E2kUsRIj4tM,317,327,train
cleaning toilet,E2xVNFwIEXg,10,20,train
washing hands,E3JnPNX_CNk,114,124,train
doing laundry,E3L6OG_j9wo,12,22,train
making bed,E40yUgEWRzU,14,24,train
washing dishes,E4y7rN3A2H4,225,235,train
making bed,E5zQl46OHvs,182,192,train
baking cookies,E68guBsbwZU,13,23,train
folding clothes,E751DyJUUxE,0,10,train
washing dishes,E79oRLFSHSE,8,18,train
sweeping floor,E7ao6SyrtzE,24,34,train
cooking chicken,E7m0b1AQ_hY,563,573,train
cooking chicken,E7xU-kSgGwY,12,22,train
making bed,E8D6rfXekos,1,11,train
folding clothes,E8GrxbjNQbQ,45,55,train
washing dishes,E9-g2OoYids,64,74,train
washing hands,EAjKAz8ZG3A,45,55,train
making bed,EAkL8mdZL-s,227,237,train
sweeping floor,EBWZ9oS-IlQ,3,13,train
washing dishes,ECFFOvhmxtw,73,83,train
mopping floor,ECNuuaCWLV0,3,13,train
cleaning toilet,EDXPlz6_Mb8,8,18,train
folding clothes,EE2h3WVNzG8,8,18,train
folding clothes,EENGwxHYL6s,56,66,train
washing dishes,EFD2FZmNj7Y,463,473,train
folding clothes,EFlKygzWSIk,41,51,train
cleaning toilet,EFq_xqEUrd8,6,16,train
cleaning toilet,EHSrCFy3t3w,46,56,train
cooking chicken,EINDY6O8Ygw,322,332,train
sweeping floor,EIUJcn5TMJM,25,35,train
mopping floor,EIdILcfDGpk,17,27,train
mopping floor,EKBY5jY4EZs,4,14,train
doing laundry,EKXrlvBbMWw,14,24,train
baking cookies,ENgpwOAwH7I,511,521,train
washing hands,EOkHwmOLCxE,56,66,train
sweeping floor,EOpSNi_7fGA,95,105,train
folding clothes,EQ1tGu_vzJg,104,114,train
baking cookies,ER5WZc5CkOQ,168,178,train
baking cookies,ESBGglJ9lKk,99,109,train
sweeping floor,ESPRuGe22NM,20,30,train
making bed,EU3BZdxJBhg,817,827,train
baking cookies,EUY0lPkiIQQ,219,229,train
cooking chicken,EW_w25ww4ms,50,60,train
cooking chicken,EXD7UPqa1IA,236,246,train
mopping floor,EXGixdWNRiU,4,14,train
washing hands,EYBJkhptFFA,75,85,train
making bed,EYfBEo5LTmM,358,368,train
mopping floor,EYkTljXmieg,496,506,train
washing dishes,EYohmwRPhKI,73,83,train
cleaning toilet,EZQ0N-8xNjs,1,11,train
washing dishes,Ea-qOkp0UWU,20,30,train
sweeping floor,EaqJJv_Usds,136,146,train
cooking chicken,Ebiu1wYt070,211,221,train
baking cookies,EcUSXm3A7JM,247,257,train
making bed,Ecd1NqWyOtc,84,94,train
folding clothes,Ecg99IpLgAs,217,227,train
baking cookies,Ed3c0vGCx0c,509,519,train
mopping floor,EdI2RLOlOnw,52,62,train
washing hands,Ee4ghOJmfRg,3,13,train
making bed,EemYfUnj3z8,24,34,train
cleaning toilet,EiWtodv3Sfs,6,16,train
mopping floor,Eigz6Eo9jYQ,57,67,train
mopping floor,EijsiEh_3gk,0,10,train
washing hands,EjdywKpdwCY,15,25,train
mopping floor,Ek40ZL1m79s,50,60,train
washing dishes,Ek4F5vrQcYY,58,68,train
baking cookies,Ek9RKtVgMYk,746,756,train
washing hands,En6MY5iQNuk,59,69,train
making bed,EpOHTG3BaFc,237,247,train
mopping floor,EpTaBhOACWQ,0,10,train
folding clothes,EpsdtjuXMM0,4,14,train
cooking chicken,EqGIFSdKQ48,180,190,train
washing hands,Er1WBno1u-k,31,41,train
cleaning toilet,EsSW7lF46I0,4,14,train
sweeping floor,Esd7-9Epb90,9,19,train
sweeping floor,EtPm80RFK4E,14,24,train
washing dishes,EuZpxm6UZl8,109,119,train
sweeping floor,EupSJhox2c4,14,24,train
washing hands,EwWcH4nVD_A,24,34,train
sweeping floor,ExsSbhWW4DM,0,10,train
cooking chicken,EzHvncF976c,124,134,train
cooking chicken,F0LsTjnmU-w,72,82,train
mopping floor,F0ZlNpBfAL4,52,62,train
washing dishes,F0fjA7aEnPo,66,76,train
mopping floor,F0pgIsTtv5Q,62,72,train
cooking chicken,F3PV85du8iI,0,10,train
washing hands,F6RKD-bAIXA,8,18,train
cleaning toilet,F6e6SnPddtI,54,64,train
folding clothes,F7oVHU9U4Sk,0,10,train
folding clothes,F9km2NqfQlQ,12,22,train
folding clothes,F9n0mYB5-9s,2,12,train
folding clothes,FA01HqqiEIE,12,22,train
washing dishes,FAzTOdo4sww,2,12,train
sweeping floor,FBBlYrv-YlE,102,112,train
washing dishes,FBuVFqpU0co,65,75,train
folding clothes,FC-QEyMGM3M,14,24,train
washing dishes,FC8JEyQCUVU,17,27,train
cooking chicken,FCgW-w1wow8,218,228,train
washing hands,FDDyLPi7rM0,3,13,train
making bed,FDgOTTVPnS0,529,539,train
washing dishes,FDhliDJsDEM,50,60,train
washing dishes,FG2WZVA-e2c,2,12,train
cooking chicken,FHPGYOVSskQ,101,111,train
folding clothes,FJGt43o36yU,4,14,train
sweeping floor,FKFnQhgA4gY,11,21,train
baking cookies,FLUUk1VOv3o,119,129,train
folding clothes,FLmyoK7kmOA,126,136,train
sweeping floor,FLwfdX1KJz0,2,12,train
mopping floor,FNeR1Pv10hE,50,60,train
washing hands,FRe93u5KZQE,97,107,train
making bed,FSDhXb1gk9M,43,53,train
baking cookies,FU8sFbdWk78,18,28,train
doing laundry,FUFT2rPXRok,13,23,train
making bed,FVJZt2hEXNY,168,178,train
baking cookies,FW3cnWsLijY,14,24,train
washing dishes,FYQtiyGNa5E,158,168,train
cleaning toilet,FZ3FrRHMQYs,8,18,train
washing dishes,FZWQ5HXJbII,12,22,train
washing dishes,FZsZF2hiGNk,49,59,train
cooking chicken,F_3YaZpSR4g,28,38,train
making bed,F_6Iwal0qeA,374,384,train
washing hands,F_jhH7dSq5k,102,112,train
making bed,Fa0U_W7Mi8k,104,114,train
cooking chicken,Fa0jBfRwGEc,99,109,train
cleaning toilet,FaPFtcPvRKk,131,141,train
doing laundry,FbJa8HLUy1o,178,188,train
folding clothes,FbJxNfK6ixo,14,24,train
washing dishes,FbiuB7XMBPo,4,14,train
cleaning toilet,FbuBz3XLIiw,135,145,train
washing hands,FcLG7pqhRhw,7,17,train
folding clothes,FdbS0DwuSiA,0,10,train
washing hands,FeDmoacaVTc,4,14,train
making bed,FegE9BQiSfI,6,16,train
making bed,FgFC_9HsU5Y,78,88,train
cleaning toilet,FhP2rcwiLkI,212,222,train
washing hands,Fhn9-nenRrA,50,60,train
baking cookies,FhpYkEng6ow,137,147,train
cooking chicken,FjPrZBpZuDw,119,129,train
cooking chicken,FjQSOMQ0dJk,273,283,train
baking cookies,Fji04iPHaqA,0,10,train
cooking chicken,Fji6ROggo5s,1453,1463,train
doing laundry,FjqmeRrMtl8,95,105,train
cooking chicken,Fm4HKuU4ox4,16,26,train
washing dishes,FmCefr-b3XI,216,226,train
washing hands,FmxE2CGV6jg,25,35,train
washing hands,FndGT6_4VXA,1,11,train
baking cookies,FreqqAT1YmU,339,349,train
mopping floor,FrlRBfzCJ9s,51,61,train
baking cookies,FtPUJt4Ar-M,207,217,train
cooking chicken,FtuO1n56uF0,128,138,train
washing dishes,FvnikVPzzZA,33,43,train
washing dishes,Fw946IgTqC4,7,17,train
baking cookies,FwWwc5JZs_g,627,637,train
cleaning toilet,FxXDFlMpm6U,0,10,train
baking cookies,Fy-Eu61fYL8,333,343,train
sweeping floor,Fytb5v0QxFs,1,11,train
cooking chicken,FzJ7MCz1CLU,166,176,train
washing dishes,G0q_7vsNZwc,2,12,train
baking cookies,G1DI3TSyhbQ,90,100,train
washing hands,G1OGtuGz1EQ,51,61,train
doing laundry,G2-oMhlY0-w,6,16,train
cooking chicken,G2JE_BEFVmE,63,73,train
folding clothes,G3Y8oRFWUpQ,33,43,train
washing hands,G406WAW1T44,3,13,train
cleaning toilet,G5CnJs1kA5o,397,407,train
washing dishes,G6GAlQiZE3E,4,14,train
mopping floor,G6OKpNxKwmw,39,49,train
making bed,G7XcELnvGUI,119,129,train
washing hands,G7Y-bZ14j_k,9,19,train
washing hands,GBNK1aMSwoE,30,40,train
washing hands,GF2uPMaBFOA,8,18,train
washing dishes,GFWR8e2ZFnY,136,146,train
making bed,GGgOJD_Wn-Y,2,12,train
washing dishes,GGpoGFypPs0,4,14,train
making bed,GJcR-o2aXdY,40,50,train
cooking chicken,GMENyNWUErc,152,162,train
folding clothes,GOUacD34lKI,16,26,train
cooking chicken,GP8VKNZ15-o,114,124,train
making bed,GPa9hLN57f8,504,514,train
baking cookies,GQbL07KKnJE,232,242,train
washing dishes,GR9-MEWHPLo,167,177,train
washing hands,GRPW6_UVwsw,207,217,train
washing dishes,GRsQKVgtpEk,64,74,train
cooking chicken,GSh-HTz3lA4,346,356,train
folding clothes,GSkLYGhzKm4,12,22,train
washing hands,GT0_DEQEe90,1,11,train
folding clothes,GUNm_5adGJU,71,81,train
sweeping floor,GUOYbUl9D5o,41,51,train
mopping floor,GUtO1JVtJMA,77,87,train
mopping floor,GVHy9Ir44AY,28,38,train
sweeping floor,GVs4mWNTAuU,0,10,train
mopping floor,GWJw2jR2mTY,2,12,train
washing hands,GYAa73HvHw8,2,12,train
cooking chicken,G_R2oYDpsK0,193,203,train
mopping floor,G_i4PrVkyp0,17,27,train
washing hands,GacjGW9ke1o,29,39,train
cleaning toilet,GcGt3O0b0H0,4,14,train
making bed,Gc_8WH4b8UY,447,457,train
doing laundry,Gcz097FJs0I,81,91,train
sweeping floor,GdMClFg4CMY,24,34,train
baking cookies,GdfnFKyDwCA,98,108,train
sweeping floor,GdkR4ab4Mkc,1,11,train
baking cookies,GfQIkA9rxxs,75,85,train
making bed,GgjNtNnqS60,11,21,train
cooking chicken,Gk6duv-N9Mw,6,16,train
cooking chicken,GkQqy8C01Rw,17,27,train
cooking chicken,GkX7rVt-3Oo,299,309,train
mopping floor,GkYF81LWCgI,13,23,train
baking cookies,GlPhkeCdcVk,7,17,train
mopping floor,GlpGrZqx9jc,97,107,train
mopping floor,Go81A5RWI_M,23,33,train
washing dishes,GqTB01zeJCg,44,54,train
mopping floor,GtD3K9CZmX8,196,206,train
washing dishes,Gtks9qQX0oE,39,49,train
washing hands,Gubnt_17iS0,118,128,train
washing dishes,Gvc5p_yhKzw,15,25,train
washing hands,GwlyMceGF6M,4,14,train
folding clothes,Gx8O7tFHr3Q,4,14,train
sweeping floor,Gydds0F1lNM,27,37,train
mopping floor,Gyft6YwLRkg,20,30,train
washing dishes,H-xBOTFPjKQ,4,14,train
baking cookies,H0WPD-IVUs4,548,558,train
sweeping floor,H1XiQsvgiQc,11,21,train
doing laundry,H2-_upw6Mbs,73,83,train
cooking chicken,H32r8hsSr6k,16,26,train
folding clothes,H3uq_e2wo2s,60,70,train
washing dishes,H5wE79d274o,22,32,train
mopping floor,H8_fslokbHE,31,41,train
cooking chicken,H8mp-PSF_io,136,146,train
sweeping floor,H8zI9Y4hmOU,41,51,train
washing hands,H93cJDjXIvU,1,11,train
washing hands,H94db9uBYrE,23,33,train
folding clothes,HADHCxEbQPs,44,54,train
cleaning toilet,HB5efMeFIZY,101,111,train
making bed,HBaSu-zkDEI,1300,1310,train
washing dishes,HC2IsMbWjzA,5,15,train
baking cookies,HD-SibT2Kp8,107,117,train
washing hands,HDwv-Lsr5fo,164,174,train
folding clothes,HE52d3ziz_s,390,400,train
doing laundry,HGCgpEt6oaw,13,23,train
mopping floor,HHZzLrjSx9I,41,51,train
washing dishes,HImofR1rWj8,1,11,train
washing dishes,HLH7qizf91U,14,24,train
sweeping floor,HLpxRKNvgms,11,21,train
doing laundry,HLyDrZfInvw,68,78,train
doing laundry,HMEsj0K9b8A,3,13,train
baking cookies,HMO0Rxzqg9E,0,10,train
baking cookies,HQHF_DuB_4g,41,51,train
folding clothes,HQm8P3ora5I,0,10,train
folding clothes,HQr79TnfW_c,33,43,train
baking cookies,HRT1RtV0Hco,477,487,train
washing hands,HRpdPWk6UXM,4,14,train
doing laundry,HSI1Qv1BXqE,30,40,train
washing dishes,HT8lb6nv7NA,4,14,train
washing dishes,HT9LTxf_02g,37,47,train
baking cookies,HT_mWagsIFw,3,13,train
washing hands,HUpOlwwt0j0,4,14,train
cooking chicken,HVE-k2WcVng,33,43,train
washing hands,HVPzjKkK15k,92,102,train
sweeping floor,HWMeZOpfg8M,19,29,train
washing dishes,HXLkQdIkEZ4,0,10,train
baking cookies,HYX44gbtKxA,113,123,train
cleaning toilet,HZ_2DasKlP0,11,21,train
washing hands,HZu4gagXndM,91,101,train
cooking chicken,H_JFUatl5Tk,198,208,train
cooking chicken,H_QVECBVu4Y,727,737,train
mopping floor,Hat3L6Qc_8s,30,40,train
doing laundry,HbUk1d5rX0Q,18,28,train
washing hands,HdYthJ_b59E,1,11,train
folding clothes,He3EnrxYrWc,70,80,train
washing dishes,Hf699LHeO_o,10,20,train
washing hands,Hfnx--r05qE,88,98,train
cleaning toilet,Hg1RSxRUXhU,167,177,train
mopping floor,Hg4lr-YVkYw,1,11,train
washing hands,HgjMMp11oxs,45,55,train
sweeping floor,HhT4Jsr2dnE,1,11,train
baking cookies,Hhc10CrukfA,0,10,train
folding clothes,Hjb2LOGRm6g,35,45,train
doing laundry,Hjjkie3nfmE,65,75,train
sweeping floor,HkifSOErIZk,2,12,train
cooking chicken,Ho3Q4QlnqXw,59,69,train
mopping floor,HoKpuRdph_M,58,68,train
washing dishes,HooxDlW6tl0,152,162,train
making bed,HpvihfVvwGk,137,147,train
washing hands,HsyFOkeoowI,3,13,train
doing laundry,HtD942UGtJo,12,22,train
cooking chicken,HtUhFj4VsiY,139,149,train
baking cookies,HufjbSM4yXA,258,268,train
making bed,Hw-S3dUD99o,38,48,train
mopping floor,Hw6JFRoVV7M,129,139,train
cooking chicken,HwdBha-wKXA,110,120,train
washing hands,HwsRYCWm0oU,46,56,train
washing dishes,HwtMIz3bd80,39,49,train
washing hands,Hwx_8FhcqY4,74,84,train
folding clothes,Hz5_85ppG20,52,62,train
making bed,I-43Z0AB2Js,9,19,train
washing hands,I-5tkSV7AEw,29,39,train
sweeping floor,I0TTeGbaaw8,9,19,train
washing dishes,I1V11dutvYw,26,36,train
cooking chicken,I2FPytfUnPE,96,106,train
baking cookies,I2vq1LNJyI0,3,13,train
washing hands,I34WWn_09RY,87,97,train
sweeping floor,I4UQHOssXuU,41,51,train
cooking chicken,I4VLyZmHCXk,240,250,train
doing laundry,I4fjNHSnR1g,1,11,train
cooking chicken,I4q5POzT1ZA,200,210,train
baking cookies,I8buzuaLNmc,249,259,train
washing dishes,I8oYQrruTjI,15,25,train
washing hands,I9doVR2_0zU,199,209,train
cleaning toilet,IBk6WO6HHBc,11,21,train
washing hands,IDLf3OjOi6M,5,15,train
cleaning toilet,IFRLD8h1l4M,105,115,train
washing hands,IFY-vNMLcRQ,9,19,train
doing laundry,IFquEZNyfaM,137,147,train
cooking chicken,IFsYSZhf7xY,234,244,train
cooking chicken,IGM_QctKLWY,553,563,train
mopping floor,IGSzEUnMoHk,98,108,train
sweeping floor,IHYAfmJk7yY,52,62,train
mopping floor,IIDwCI3sD2s,86,96,train
cleaning toilet,IIXuCfkJd34,1,11,train
folding clothes,IJ8Oun-IuCI,62,72,train
mopping floor,IK9kE9IrcOM,35,45,train
washing dishes,ILsq5K0nSSQ,44,54,train
cleaning toilet,IMCJJsUZ6b0,128,138,train
folding clothes,INz6FvFgsKo,1,11,train
sweeping floor,IOC9SRBD4vg,13,23,train
cooking chicken,IP492LIRUC0,623,633,train
folding clothes,IQiXEixWomU,27,37,train
doing laundry,IQldhNA7CWE,1,11,train
washing hands,IQoWPwSEiFA,0,10,train
washing hands,IRx3TifvIJM,106,116,train
washing dishes,ISQDPHFqaz4,132,142,train
folding clothes,IVUj4OX8DAg,168,178,train
baking cookies,IVVHSHuKuCo,4,14,train
baking cookies,IW9QTb6KonA,203,213,train
mopping floor,IWJruSRUcDg,26,36,train
mopping floor,IXJDWPSz18I,55,65,train
cooking chicken,IXkUld3Hkx4,88,98,train
making bed,IYfzqUKGWFo,127,137,train
washing dishes,IZ3M_v7SJ_I,2,12,train
washing dishes,IZaNfpjjc7g,34,44,train
folding clothes,I__qL7UJXDs,40,50,train
making bed,I_nL-KkVdKY,706,716,train
folding clothes,I_zwQV0ajms,119,129,train
washing hands,IacgyMI5vzs,34,44,train
cooking chicken,IcvzVgcCMwU,743,753,train
cleaning toilet,Id6YiJPPBkc,1,11,train
mopping floor,IdG3UPXRtio,18,28,train
sweeping floor,IeJo0LAlMXg,32,42,train
mopping floor,IffItAP295A,122,132,train
cooking chicken,Ig6WjHtjeIA,10,20,train
washing hands,Ih-btxalAzo,163,173,train
folding clothes,IhjFSNcaMIQ,97,107,train
cooking chicken,Ihx0_E45rIE,110,120,train
cooking chicken,IienlAN6Hdo,1283,1293,train
washing dishes,Iik0TCKpsh0,7,17,train
washing dishes,IjS8xVhL1XE,93,103,train
cleaning toilet,IjhI70WW0yw,17,27,train
mopping floor,IkXuooaGnCc,143,153,train
washing hands,ImofeWZNdMA,1,11,train
sweeping floor,InFCHEBCeLE,42,52,train
washing hands,InvLcEXHS8g,31,41,train
cooking chicken,IozHH-e0YNc,35,45,train
mopping floor,Ip6S10d1oL4,34,44,train
washing hands,IpfgXctLow8,4,14,train
making bed,Ith8Lw-yeis,91,101,train
folding clothes,IuvhL0fBTOc,2,12,train
sweeping floor,Iv8Tgq5vwU4,0,10,train
washing hands,IwExyiI2Fqo,7,17,train
cleaning toilet,IwWvCS_7Iwo,19,29,train
cleaning toilet,Iwt8nourC5M,105,115,train
washing dishes,IyqyT6-McGA,24,34,train
making bed,IztcW1J_pUE,2,12,train
washing dishes,J0UF_caPGGw,25,35,train
cooking chicken,J0bIGSPRSXQ,136,146,train
folding clothes,J2E6FexAk74,181,191,train
washing dishes,J2JiwYnbYho,207,217,train
sweeping floor,J388ndUHqcw,6,16,train
washing dishes,J3dtINKwL9c,1,11,train
baking cookies,J3g4VEVdAgo,42,52,train
washing hands,J5uAnT7PWEc,33,43,train
washing hands,J67PzUcOfG0,65,75,train
sweeping floor,J6vYi3ENwt8,9,19,train
cleaning toilet,J7KWFE_vXzw,176,186,train
washing hands,J7hHPIQ_LOw,43,53,train
mopping floor,J7nivamh9lk,67,77,train
mopping floor,J98U-PGh1bQ,1,11,train
mopping floor,J9vevA5OCTA,242,252,train
making bed,JA3Ozc7aM3M,81,91,train
doing laundry,JACi9g6CO0I,201,211,train
washing dishes,JCR05_5ujv4,2,12,train
folding clothes,JD6yop1RoIY,414,424,train
baking cookies,JDW2suW2_-g,52,62,train
washing hands,JEPqvTVdqVc,51,61,train
mopping floor,JErW7ISPd0U,13,23,train
sweeping floor,JFGip4CE0nQ,4,14,train
washing dishes,JFQ-LIbbPYw,3,13,train
doing laundry,JHL8IDuTHJw,43,53,train
cooking chicken,JHu3jV_xmfY,465,475,train
cooking chicken,JI2i0m1r4Zk,741,751,train
cooking chicken,JIzMnley-xg,695,705,train
baking cookies,JLDmEU_Xvgw,529,539,train
washing hands,JLbDoMXZyeo,19,29,train
washing hands,JMNQGOhrnlI,2,12,train
folding clothes,JO8vrq4eMEI,54,64,train
baking cookies,JPQQE14eWdQ,191,201,train
cooking chicken,JPxscNDKlFM,58,68,train
sweeping floor,JR7E7-MGEH0,0,10,train
sweeping floor,JSPo65SpyfA,9,19,train
cooking chicken,JT2Xnp2Z67A,403,413,train
folding clothes,JTIwfmB-gyA,1,11,train
washing dishes,JVwIRP-mdFA,33,43,train
mopping floor,JW5P5FdOrcw,166,176,train
mopping floor,JYifEluLt7s,18,28,train
washing hands,JZ3UQyqQKBY,34,44,train
cooking chicken,JZPb1WFhgtw,18,28,train
baking cookies,JZS4XhaueNQ,191,201,train
baking cookies,JZprR5zGAfs,136,146,train
mopping floor,J_C81KMjMSY,66,76,train
sweeping floor,JaBKU2SDe4E,23,33,train
sweeping floor,JaOs5y6MTDU,183,193,train
folding clothes,Jcmf9XyBdMk,109,119,train
doing laundry,Jd0attNuTNc,18,28,train
cooking chicken,JfHXuFmNp4E,125,135,train
cooking chicken,JhMmsSeo9Qc,13,23,train
cleaning toilet,JiQDquoMBzg,27,37,train
baking cookies,JjaHwTy8sd8,12,22,train
washing dishes,Jku8JuGe7Dc,148,158,train
folding clothes,Jlg_BZDJqzw,31,41,train
cooking chicken,JlrLYQo60LM,226,236,train
making bed,JmF1Cz8CD0I,142,152,train
baking cookies,JnOyooHDeTM,36,46,train
making bed,Jo0hXIsDvlU,40,50,train
washing hands,JpbbjL2uYv4,2,12,train
washing dishes,JshRlaak7Nw,159,169,train
cooking chicken,Jthv7HJiYCw,173,183,train
washing dishes,JvJn3bsN37Q,7,17,train
washing dishes,Jwka84V_RVo,18,28,train
baking cookies,JxY_irMT-Qo,856,866,train
sweeping floor,JxgTuymDWjE,0,10,train
mopping floor,Jy-O6N7m7_w,3,13,train
making bed,JyjI5BQHUHk,319,329,train
sweeping floor,JytoIzs6jbg,36,46,train
sweeping floor,JzBJntkh_1M,1,11,train
doing laundry,Jz_2SlLAgLA,2,12,train
cooking chicken,Jzczmi1mPTs,23,33,train
sweeping floor,JzmQP4xfzFc,6,16,train
baking cookies,K0_R-0Xs_cM,200,210,train
baking cookies,K2VPLf1rGK0,65,75,train
washing dishes,K4jxB28HhwE,2,12,train
sweeping floor,K4ku64xt5eY,29,39,train
making bed,K5K_kF5u1-k,1,11,train
mopping floor,K6F2Y_48RWk,167,177,train
cooking chicken,K6o0lXS6s0o,242,252,train
washing dishes,K7AZ5_DQAyo,126,136,train
baking cookies,K9mo9zqx12s,99,109,train
washing dishes,K9rfnC1GHFM,58,68,train
folding clothes,KANpMNmR6X4,0,10,train
doing laundry,KB3vMorxQc8,4,14,train
making bed,KCZuUGXZESQ,31,41,train
cleaning toilet,KCyYiFijvi4,46,56,train
washing hands,KEU0BiPPHM4,1,11,train
making bed,KF1cXWJ382Y,245,255,train
washing hands,KFWyyvIKsSs,201,211,train
washing hands,KGdw6WbyTas,20,30,train
folding clothes,KGo3e6ihtqg,63,73,train
cooking chicken,KHEd4_8sv4U,172,182,train
cooking chicken,KHEd__Axddk,304,314,train
baking cookies,KH_pTBlFdWI,22,32,train
doing laundry,KJ5ooEgnpbU,154,164,train
cooking chicken,KKZkLzyeiTo,194,204,train
washing hands,KKb0OcbgJPA,0,10,train
baking cookies,KM3ntWHovQI,60,70,train
washing hands,KMfzsyMCIFw,3,13,train
cleaning toilet,KOLZDhpRnL4,57,67,train
cooking chicken,KP6ZKwbZrtY,119,129,train
baking cookies,KPu626MzQOo,368,378,train
washing dishes,KQiqS7h7TSE,134,144,train
baking cookies,KRTwXhIc60w,159,169,train
folding clothes,KTrDXKnQRTM,55,65,train
cleaning toilet,KVLLfzc6Oz8,30,40,train
washing hands,KVtpO_uMEG4,4,14,train
cooking chicken,KVxJEyKVngM,3,13,train
folding clothes,KW3K5GhubPE,13,23,train
washing dishes,KX0a211Z_TQ,65,75,train
baking cookies,KYzqxEUgCm8,412,422,train
doing laundry,KZ5XlKFo6Xk,10,20,train
washing dishes,K_gy4-6UKjw,215,225,train
making bed,KamBYuAA9Rs,0,10,train
washing dishes,KcHlo0d1HJU,0,10,train
cleaning toilet,KcV1Oc6E_Y8,227,237,train
baking cookies,KcW0wKCvrcU,58,68,train
washing hands,KfEzt2iN-fc,47,57,train
cleaning toilet,KfXb7GR2NFU,83,93,train
cooking chicken,KgKnbf13xtU,274,284,train
sweeping floor,KgYbQJTU80w,178,188,train
cooking chicken,KgmJrAGREEM,107,117,train
cleaning toilet,KhXlxl-twQo,137,147,train
folding clothes,KiZ6LTlUe1c,64,74,train
cooking chicken,KjQUGDZwVtw,545,555,train
mopping floor,Kl8nVL2qFmU,16,26,train
mopping floor,Kl9X07UGyu0,85,95,train
baking cookies,Klby8jwNOOQ,48,58,train
washing dishes,KoCjfxd302Q,44,54,train
washing dishes,KoLxlNTxXeM,25,35,train
washing hands,KqCA7fxOoTM,8,18,train
washing hands,KqgDjgbLYRo,21,31,train
washing hands,KrO6-JGsf8U,1,11,train
washing dishes,Ksm0HvFQZ_A,4,14,train
cooking chicken,KsvZcXaZYZk,74,84,train
cleaning toilet,Kv53PDlNE2Y,97,107,train
cooking chicken,KvZ9skc-5hE,8,18,train
folding clothes,KwqNV0grhhM,102,112,train
washing dishes,Kx6JN7cYzmY,72,82,train
washing dishes,KysVwdoCYG0,4,14,train
cooking chicken,KzF46HXHCOg,140,150,train
cooking chicken,KzcEjg1QqKo,3,13,train
making bed,L-WMuXr0fJo,33,43,train
mopping floor,L0ozD-dpPgc,3,13,train
cooking chicken,L1KdUX9tjD0,71,81,train
cooking chicken,L56uDOscVII,464,474,train
washing dishes,L5DgRa4PYH8,3,13,train
washing dishes,L80Ix_tlHKE,8,18,train
cooking chicken,L9B2b5ZHA-k,13,23,train
baking cookies,LAJNPB-sB_8,242,252,train
washing hands,LALyZrfFsgk,266,276,train
washing dishes,LA_i7i0vXY0,65,75,train
cooking chicken,LB7DnMc0EQ8,439,449,train
cooking chicken,LCe0HWpJgck,427,437,train
doing laundry,LDJ5n0NgZn0,110,120,train
washing dishes,LDy-oO60dhI,4,14,train
making bed,LEAj3GWq5V4,148,158,train
cleaning toilet,LElQDWxRJS8,83,93,train
sweeping floor,LGKInhwUV9c,121,131,train
sweeping floor,LGvOnr-m87s,29,39,train
cooking chicken,LGvpifYia-4,216,226,train
washing dishes,LKno-MGvX6c,393,403,train
baking cookies,LKzoGC1npcw,828,838,train
cooking chicken,LL5erwo_-98,766,776,train
cooking chicken,LLI_2b_YN5U,331,341,train
washing dishes,LM3V0hn_fSg,17,27,train
cleaning toilet,LM9xVCGZwP4,4,14,train
washing dishes,LMB7I7fQU8w,2,12,train
washing hands,LMGv3jQsPy4,34,44,train
cooking chicken,LMYU_AXndBg,109,119,train
baking cookies,LMvTKYBz-f8,4,14,train
cleaning toilet,LNRrt7ai5vM,55,65,train
cooking chicken,LPHI3M3unc4,379,389,train
making bed,LPOC9YluSYw,76,86,train
doing laundry,LPbczRSOGmI,150,160,train
cooking chicken,LPknDWM9-3Q,299,309,train
folding clothes,LQcxblFbloM,333,343,train
doing laundry,LQdB4g0b3-E,211,221,train
cleaning toilet,LRJmxN4y0_c,44,54,train
folding clothes,LRSApsUVcms,153,163,train
washing hands,LRjTtcri-Yo,35,45,train
washing hands,LRulLU0rJM4,38,48,train
cooking chicken,LSJrlUfc-hI,242,252,train
folding clothes,LSXKfSWmOi4,9,19,train
mopping floor,LSdKXBteaUg,30,40,train
folding clothes,LTeKcjObOMs,13,23,train
washing hands,LUcPpveaP-k,16,26,train
washing dishes,LUeIBaPq4e4,1,11,train
cleaning toilet,LVSP-AvX6E4,40,50,train
folding clothes,LXirr6aAaGg,28,38,train
folding clothes,LXj77uRLd9I,50,60,train
folding clothes,LYj8ObQFNLs,31,41,train
baking cookies,LZ8d_-VvVaY,74,84,train
cooking chicken,LaFpwiMEuUI,138,148,train
making bed,LbnqKFVAUUs,55,65,train
washing dishes,LcK6oOdTUio,207,217,train
making bed,LcS2lW5UlrU,28,38,train
washing hands,LcW5ucOmpxM,1,11,train
baking cookies,Lcy3Tguwa78,327,337,train
cooking chicken,LeKVDtSh52w,90,100,train
cooking chicken,LgHPgHb1LSU,183,193,train
making bed,Lg_0VqVt3RQ,74,84,train
making bed,LhbwfQHVSUE,187,197,train
washing hands,Li6VSSARS2A,4,14,train
baking cookies,LiD0o7kPK-8,256,266,train
washing hands,Lijtj1_5cwk,76,86,train
cooking chicken,LjXe1EKUrU8,4,14,train
washing hands,Lk1LigIMRh8,0,10,train
washing hands,LkzC7pOJmeo,5,15,train
washing dishes,LlM0mGzND7w,68,78,train
mopping floor,LnMvFpR0xCY,129,139,train
cooking chicken,LrOhfTvp0DQ,227,237,train
washing hands,LrXGhOZe5S8,0,10,train
sweeping floor,LrYAkHBaInY,21,31,train
doing laundry,LsgNxDunHEI,8,18,train
cooking chicken,Lsk6nWGhtfI,250,260,train
baking cookies,LssBSSbErJo,64,74,train
washing hands,Ltf8vgWMuUg,31,41,train
cooking chicken,LuMnXwpzbEU,503,513,train
sweeping floor,LuWKuLC4F6w,21,31,train
baking cookies,LwO-FM2bKso,823,833,train
cooking chicken,Lwz4UoiMTzY,154,164,train
baking cookies,LxqjGchCkS4,98,108,train
sweeping floor,Lyc3oF1ksEM,18,28,train
washing dishes,LyhAXELT4Bw,5,15,train
washing dishes,Lz43J3ognUw,175,185,train
cleaning toilet,M-wLHYgLoyk,140,150,train
doing laundry,M111H01A2QE,30,40,train
sweeping floor,M19knQz1saY,25,35,train
mopping floor,M1zeJ5nrnuo,28,38,train
baking cookies,M2xdggeRyPI,1,11,train
making bed,M49-lieD7Bo,374,384,train
washing dishes,M4pv-zOOjfA,15,25,train
cleaning toilet,M5BSyewN5K8,56,66,train
mopping floor,M5OPk77fQDE,67,77,train
cooking chicken,M8B-vB0TKKM,34,44,train
washing dishes,M8GobyZneVw,5,15,train
washing hands,M9VdgCFI-Lo,3,13,train
making bed,M9Wk_irW2vI,198,208,train
doing laundry,MAESaAT5D14,61,71,train
sweeping floor,MBcb6b1sr5o,72,82,train
baking cookies,MChmSYIpyGA,12,22,train
cooking chicken,MDvCkJfV-N4,221,231,train
cooking chicken,MEhX6kxl53U,304,314,train
cooking chicken,MGpIlEFl96Q,176,186,train
mopping floor,MGxoP1697IU,2,12,train
cooking chicken,MHUcl8lnP2o,136,146,train
washing hands,MHi6hKQCmDQ,44,54,train
washing dishes,MIVJokriqOA,38,48,train
mopping floor,MJJ_QYrdvVg,25,35,train
washing dishes,MKTvb99-dJE,113,123,train
baking cookies,MMwcpKL2H8U,2,12,train
cleaning toilet,MNqq8OCXOTk,10,20,train
cooking chicken,MOEqzdxICTw,18,28,train
washing dishes,MOdIHeD6ztQ,22,32,train
folding clothes,MPtAJIICLWo,53,63,train
baking cookies,MQGb2H3wtts,12,22,train
making bed,MRBA1fL_eAI,1,11,train
folding clothes,MRDiVJYisRc,7,17,train
baking cookies,MSof8_E_pxY,2,12,train
making bed,MUQ1FFW1jQU,54,64,train
washing dishes,MUyInT5elZQ,4,14,train
baking cookies,MV9pwHySowg,56,66,train
washing hands,MW4xaVSaDqU,23,33,train
cooking chicken,MWDPlUS7tnw,4,14,train
cooking chicken,MWQt0JY88ms,280,290,train
washing hands,MX2o61p-dPk,7,17,train
washing dishes,MXHo232Ojhc,40,50,train
sweeping floor,MXY37LvA-dk,13,23,train
washing hands,MXyYE_p9jE0,49,59,train
sweeping floor,MZI_rU7Afv0,4,14,train
cooking chicken,MZOUItAL7gA,181,191,train
washing dishes,MZkrJS9_gTI,168,178,train
baking cookies,M_lggP_-DrU,86,96,train
sweeping floor,M_tQY6Zezj4,2,12,train
washing dishes,Ma8K7apGhTk,73,83,train
washing dishes,MaU-thgtE0w,10,20,train
washing dishes,MeHcvrNJowQ,4,14,train
baking cookies,MewHDpWtOT8,16,26,train
mopping floor,MfUdgO6Crlw,1,11,train
mopping floor,MfsLzTcXiiY,3,13,train
baking cookies,MhF1KNuaJzA,22,32,train
washing hands,MhkjjGjmChQ,27,37,train
washing dishes,Mi8C-eQL-6g,12,22,train
washing hands,MjI1uUbHM_k,3,13,train
baking cookies,MjvKdMEWxwc,35,45,train
baking cookies,Mllzpt4DJZE,26,36,train
mopping floor,Mn80ydinbIE,20,30,train
sweeping floor,Mnezu_Ex7d4,28,38,train
doing laundry,MnzIB4O2zco,79,89,train
folding clothes,MpZWBnnaA7M,25,35,train
folding clothes,MqtE7DFwEDc,13,23,train
washing dishes,MrN2rtoXrnc,491,501,train
folding clothes,MrOtluqqOiw,1012,1022,train
washing hands,MrTl0ENbE-4,9,19,train
folding clothes,MsC69xwFXXs,2,12,train
doing laundry,MuT67gS2qrk,2,12,train
folding clothes,Mw6ImfwJ9_Q,1,11,train
doing laundry,Mw9auJC7TUc,44,54,train
mopping floor,MxGLAEMQLhY,189,199,train
washing hands,MxKvJSCdId0,30,40,train
making bed,Mz-EplMltPs,268,278,train
cleaning toilet,N-5NQlVpyDY,65,75,train
baking cookies,N-JEFIr5sT0,5,15,train
baking cookies,N-lwG6_g218,137,147,train
making bed,N0y0JKE2hmI,115,125,train
baking cookies,N1gwoFhka4A,304,314,train
doing laundry,N2UjpXET8Ww,58,68,train
making bed,N2gN12RjSss,21,31,train
doing laundry,N3F6AfXyWSw,79,89,train
cleaning toilet,N4naB7VatGs,300,310,train
washing hands,N5NWdsdSbrE,3,13,train
washing hands,N63bj3Mg1Ng,4,14,train
cooking chicken,N8KeRQyupWY,101,111,train
cooking chicken,NA9ODO0WsH4,23,33,train
cleaning toilet,NBJWmTBwWaU,16,26,train
folding clothes,NBqgyniqvsw,0,10,train
folding clothes,NE59EyVbfpI,220,230,train
mopping floor,NG8fMDaJ3ic,121,131,train
doing laundry,NGI3vC-TDos,34,44,train
cleaning toilet,NJ8ID9xe88c,11,21,train
washing hands,NJd31YWEaCw,1,11,train
washing dishes,NKf6zbwP-wU,27,37,train
washing dishes,NKlX0qbaPIQ,673,683,train
cleaning toilet,NLK7tymQhSc,107,117,train
making bed,NMicsIb4n6w,256,266,train
cleaning toilet,NN5MX7UODi4,9,19,train
folding clothes,NNbqALcZRsc,15,25,train
sweeping floor,NNl5SiIQHsA,9,19,train
baking cookies,NNnPq7BFTBo,79,89,train
folding clothes,NPKVfQ_tDtI,54,64,train
washing hands,NPf7JHnsviM,82,92,train
cleaning toilet,NQcDgqZuVHA,5,15,train
washing dishes,NR6hROiBuqE,40,50,train
baking cookies,NRtwhd_NPLc,0,10,train
washing hands,NV-1hM0Qh_s,65,75,train
baking cookies,NYVmB6m5PXA,5,15,train
making bed,NYkgagHr-x8,191,201,train
cooking chicken,NYrWLPxmmeU,96,106,train
washing hands,Na3Wa6-gaTo,1,11,train
cooking chicken,NaFalYg2Jlo,24,34,train
mopping floor,NaRV8KbP9eE,28,38,train
cleaning toilet,NabGOwALaIQ,3,13,train
baking cookies,Naw9Kxecm_c,34,44,train
washing dishes,NbcJDQhtZkk,16,26,train
cleaning toilet,Nc7PEfb5PfU,12,22,train
folding clothes,NetKZIxpfrA,93,103,train
baking cookies,Nf0ftID54lw,1,11,train
making bed,NfcsaqAfISA,124,134,train
washing dishes,Nfxjb7UKPKU,29,39,train
washing hands,Nge_wevDlbk,17,27,train
sweeping floor,NhCDUzq-rHU,90,100,train
baking cookies,NhT1-CTkEFk,73,83,train
baking cookies,NiHAeQ2Jp04,26,36,train
cooking chicken,NkC8c5LPCBI,179,189,train
baking cookies,NkcxHdSGKbg,141,151,train
washing dishes,Nl1W4Ma0vjY,53,63,train
mopping floor,NlF8x9yEgMY,18,28,train
cooking chicken,NldTkurtca8,1542,1552,train
mopping floor,NlkMFycVxb0,1,11,train
baking cookies,Nma947_csfM,223,233,train
sweeping floor,Nn87R3J_rv0,39,49,train
making bed,NoAotIRhsLc,117,127,train
washing hands,Nq4y56AWs48,96,106,train
mopping floor,NsKnV8p21sA,9,19,train
doing laundry,NtGLUvbKxbI,91,101,train
washing dishes,NuDEx68iIRo,38,48,train
making bed,NuNdSEHoaVA,207,217,train
mopping floor,NuYbOB9AzpY,81,91,train
sweeping floor,NvdKFAUKDt0,65,75,train
sweeping floor,NvnLeEcl-5U,3,13,train
cooking chicken,NxttHzxgiRE,512,522,train
washing hands,NytkmRZpwV8,58,68,train
washing hands,NyueuCjDY30,5,15,train
washing dishes,NzqAO6-z_0o,5,15,train
doing laundry,NztBNu21Bek,62,72,train
washing hands,O-YCf0eacho,21,31,train
cooking chicken,O0EyuRDXPXk,107,117,train
baking cookies,O16VxnU7c5M,53,63,train
folding clothes,O1XGEYhGEfA,28,38,train
sweeping floor,O1t8mZNiX54,4,14,train
cleaning toilet,O1yPAS2WmSw,13,23,train
mopping floor,O1yoKFQnXwA,36,46,train
folding clothes,O24sMVybHeU,5,15,train
cleaning toilet,O2B_e0l_0lo,11,21,train
washing dishes,O3auJAbtpCc,147,157,train
washing hands,O3irSuuAACg,42,52,train
making bed,O5L8_2GsaSw,0,10,train
folding clothes,O5TCOGYtRtk,16,26,train
washing hands,O6kUInG4ztY,42,52,train
baking cookies,O8oVoWOT284,118,128,train
washing dishes,O8oaksOtYxg,2,12,train
making bed,OCGJEocPT0c,132,142,train
cleaning toilet,OCLvELy855w,8,18,train
cooking chicken,ODeMQJe1DY8,240,250,train
baking cookies,OETFbVbgdY4,239,249,train
baking cookies,OF0ANg-fKIY,330,340,train
making bed,OGZE4OvJETs,108,118,train
doing laundry,OGcWd1Zbuh8,132,142,train
washing hands,OGyMXFdECyo,54,64,train
washing hands,OIPxwfrCruw,105,115,train
baking cookies,OKr7Poalu8U,83,93,train
making bed,OLYfDPgXYcQ,39,49,train
baking cookies,OM454IPmMqI,240,250,train
mopping floor,OM7OeNo6ftE,29,39,train
baking cookies,ONjgD5DFD-I,54,64,train
washing dishes,OOSy-JtLNQ0,22,32,train
doing laundry,OOgrpvWPgAs,26,36,train
folding clothes,OOlg6XaxhEE,26,36,train
washing hands,OOpHeTV55eY,3,13,train
washing dishes,OOwl1UcBrRY,137,147,train
washing hands,OP5WAoHuFdM,15,25,train
baking cookies,OPNsAPmfO1A,232,242,train
mopping floor,OPpS5ViE44k,96,106,train
cooking chicken,OQFW4T1l6R0,131,141,train
making bed,OQx2g3SqASU,273,283,train
folding clothes,OR5s4iANJfM,30,40,train
washing hands,ORFucnReEek,199,209,train
cooking chicken,ORu99GBPh44,83,93,train
making bed,OSGe2DSCTVA,237,247,train
baking cookies,OSaP0HsK1AM,101,111,train
mopping floor,OSlZWBydZbk,24,34,train
washing dishes,OTEXXonH7-0,3,13,train
cleaning toilet,OTJqHLFSxss,65,75,train
washing dishes,OTMteq6XtXU,3,13,train
baking cookies,OWQcuitzq38,171,181,train
baking cookies,OWrTydwoYW8,327,337,train
making bed,OX3fViDLxQU,2,12,train
doing laundry,OXkSFhP1uWg,71,81,train
washing dishes,OZftVCeblMk,1,11,train
baking cookies,OZr_bLz_VFo,143,153,train
folding clothes,O_1of5Ej0UU,57,67,train
baking cookies,O_8YXmgWY5o,763,773,train
baking cookies,O_pcMmLcYig,81,91,train
doing laundry,O_zQrGk3Uvs,0,10,train
cooking chicken,OamKvzFLK7A,0,10,train
cleaning toilet,ObbXieyOZf8,34,44,train
sweeping floor,ObkbP2pnpPo,83,93,train
making bed,OcFp7be8kMY,358,368,train
baking cookies,Ocj6I-gvuDk,578,588,train
cooking chicken,OcwWcyPMet0,57,67,train
folding clothes,OdOrDe32a3U,152,162,train
sweeping floor,OebZVbl-n1w,102,112,train
folding clothes,Oens5aPiWIg,0,10,train
sweeping floor,OfGj2dXMhxw,58,68,train
baking cookies,OgjQHmh97ag,72,82,train
cleaning toilet,OhUhBsbrlw4,9,19,train
folding clothes,OiyHzrZT1Qg,2,12,train
washing hands,OlBpiUv4cQM,57,67,train
washing dishes,Olsk25qh1wI,41,51,train
washing dishes,Om_ZjfWyZNI,99,109,train
cooking chicken,OmeUg2qy1dU,546,556,train
cooking chicken,OnpuY02nLKs,513,523,train
baking cookies,OoFx_s-hv-8,127,137,train
doing laundry,Oqlp1Saxe1Y,48,58,train
mopping floor,OrFphfzFy5c,112,122,train
washing hands,OrbnjydIMJ0,0,10,train
sweeping floor,Ori-ZoVXTb4,34,44,train
making bed,OsdhJ63u3sM,0,10,train
sweeping floor,Oth6Tefhhew,65,75,train
doing laundry,OumDa2-8z14,3,13,train
baking cookies,OvM1jUhiRXg,84,94,train
mopping floor,Owd5vzXhfiQ,55,65,train
cleaning toilet,OwndhHfOGAk,219,229,train
mopping floor,OwoQuRQfMNw,139,149,train
cleaning toilet,OwyVnfxy-KU,21,31,train
cooking chicken,Oy9Ze6gXPpo,232,242,train
mopping floor,OzB--6aoVQU,431,441,train
washing dishes,Ozw7cf-_V_w,33,43,train
washing dishes,P-Gh6HN92Zk,87,97,train
washing hands,P0GKTxF7nJw,24,34,train
folding clothes,P1-dyX_Rzdg,12,22,train
washing dishes,P2-8p3wVAtg,22,32,train
washing hands,P2jKzdv4Lhw,29,39,train
baking cookies,P3H5bBdnh8Q,32,42,train
baking cookies,P3OBz9HEYKw,30,40,train
washing hands,P3OuRbG3beg,1,11,train
sweeping floor,P4XHLdq5Bfs,48,58,train
folding clothes,P5If1PUXH9M,5,15,train
baking cookies,P6W8vF6JXXk,503,513,train
baking cookies,P810ToqVIbA,23,33,train
washing hands,P92DCb0RM88,11,21,train
folding clothes,P9BW4REJzn8,133,143,train
folding clothes,PAghREKfJBQ,3,13,train
folding clothes,PBKxruQ3zEc,10,20,train
washing hands,PCi2TWK79Ho,52,62,train
folding clothes,PDn9l20NlWw,148,158,train
washing dishes,PFfNJ35P28w,97,107,train
washing dishes,PFyCVWZ6dTs,6,16,train
baking cookies,PGnss27GIDg,87,97,train
washing hands,PHPI18GWLBQ,55,65,train
cooking chicken,PHPcz_PT3os,51,61,train
baking cookies,PHUNrXns4Do,247,257,train
folding clothes,PHfKChalL-g,4,14,train
washing dishes,PHgrd-ELZ5g,213,223,train
doing laundry,PIX-MDYA5Uw,2,12,train
washing dishes,PJmp6k4vdho,4,14,train
washing hands,PL74khszw58,55,65,train
baking cookies,PLfrD6gX0pQ,5,15,train
washing dishes,PMNrLZbS6lA,83,93,train
doing laundry,PSwmRbrfz5o,5,15,train
washing hands,PUruv5uIMqc,39,49,train
sweeping floor,PVfKnJlCyts,1,11,train
washing dishes,PYD2NBrPnXA,11,21,train
washing dishes,PZAu5Dm30wM,0,10,train
washing dishes,PZUzTWsAByo,9,19,train
washing dishes,P_BtCu-mE2I,14,24,train
making bed,PaEsP6_cCJ8,100,110,train
washing dishes,Pbuj1XFan8w,2,12,train
cooking chicken,PcMDaBAOcaI,137,147,train
washing hands,Pd3fUQse75I,16,26,train
washing dishes,PeAMfevzrSE,92,102,train
doing laundry,PfYcDE9Fl7k,83,93,train
folding clothes,Phy0m45rdMo,17,27,train
washing dishes,PiDw91aqLCA,22,32,train
making bed,PiWtqerwhew,10,20,train
washing hands,PipIbnBHVmc,49,59,train
baking cookies,PitTCk7obqw,102,112,train
washing hands,PkR39yCdmAA,2,12,train
sweeping floor,PlT4wcHhebc,91,101,train
cleaning toilet,Pm24-DQXF5o,42,52,train
washing dishes,Pm_tC8j-wRo,63,73,train
cleaning toilet,PoMjGRJWTrw,3,13,train
cleaning toilet,Po_-L5hJWHc,244,254,train
washing hands,PpIb1mrm1C0,1,11,train
sweeping floor,PpW1if6HALc,20,30,train
washing hands,Pq5RDoUDlEw,17,27,train
sweeping floor,Pq5kn9nHN80,19,29,train
baking cookies,PqGKhfJYzyc,68,78,train
cooking chicken,Pqmh10qpV-8,146,156,train
baking cookies,PszBtsAL-w8,4,14,train
sweeping floor,Pv3d6ZHsoSQ,21,31,train
sweeping floor,PvP_7Z3iaXE,202,212,train
cooking chicken,PwXaaaI39rY,25,35,train
folding clothes,Pw_hUFMAcbQ,36,46,train
mopping floor,PwiJ5nygCFY,63,73,train
making bed,PwxpIkroE2w,53,63,train
mopping floor,PxJTRbLpWSs,4,14,train
washing hands,Py89ZmWpc-o,18,28,train
mopping floor,PyKB0fICrNw,6,16,train
cooking chicken,PzZwIGoSxfM,203,213,train
washing dishes,Q1k42FiNNGk,14,24,train
washing dishes,Q2w0JopiS9Y,7,17,train
washing dishes,Q3B3QpkrWI8,49,59,train
baking cookies,Q4eH4D1grBg,69,79,train
baking cookies,Q4hNWYBG1P4,53,63,train
sweeping floor,Q4h_iPt1uwU,3,13,train
cooking chicken,Q50jD8pUgps,527,537,train
cleaning toilet,Q5a8V4HxvOg,2,12,train
cooking chicken,Q5bg3ZCfbXs,194,204,train
cleaning toilet,Q75vPYXbji4,65,75,train
washing hands,Q8U22Nr2doE,29,39,train
folding clothes,Q8eDQvGcMA4,19,29,train
washing dishes,Q9BfmKn6Cqk,1,11,train
washing dishes,Q9Fw56ZvXq4,1,11,train
washing hands,Q9aQrt_8vjI,35,45,train
cleaning toilet,Q9pzsuZmH4w,5,15,train
doing laundry,QA4KNtKnaws,21,31,train
doing laundry,QAKwGG98wvc,20,30,train
cooking chicken,QANqZUGczLU,301,311,train
cleaning toilet,QAufRqDtbd8,52,62,train
washing dishes,QB-Oj8nN3Kk,8,18,train
making bed,QBxZfNua2RE,99,109,train
baking cookies,QDMf9BwE5Qk,42,52,train
cleaning toilet,QDRb5AdyyFQ,0,10,train
washing dishes,QDWLUu8jr2s,16,26,train
cooking chicken,QFI0RFNYvhQ,683,693,train
cooking chicken,QFQCH4_Osts,39,49,train
washing hands,QFSoCBiTc5g,2,12,train
doing laundry,QFrltPJQxWE,210,220,train
sweeping floor,QFzPFvCBHnA,114,124,train
sweeping floor,QGEuTJY71tY,21,31,train
cleaning toilet,QH-kq466Be4,227,237,train
washing dishes,QHIGOL0f0Ko,54,64,train
washing dishes,QHnIN3fQl9g,40,50,train
cleaning toilet,QI-RF8bW7M8,19,29,train
washing hands,QI-ZYSPtWSQ,51,61,train
cooking chicken,QIC2-SD01BY,116,126,train
folding clothes,QIfhsQ9OgUs,1,11,train
baking cookies,QImgJw3wyic,105,115,train
cooking chicken,QKsvOTAFhNM,461,471,train
cooking chicken,QKxN08lmPFk,324,334,train
cooking chicken,QMZKk3YthnE,196,206,train
washing dishes,QMitsqAnoRI,21,31,train
cooking chicken,QMpVFLM90x4,6,16,train
baking cookies,QMzWbu-7Z2k,83,93,train
washing hands,QOHR-SSSru0,6,16,train
cleaning toilet,QPO2DFruIaI,24,34,train
sweeping floor,QRYOqsxdPAo,111,121,train
cooking chicken,QUAleb281Fk,11,21,train
cooking chicken,QVhInF1tUJw,411,421,train
cooking chicken,QWeFPW7BXyg,59,69,train
washing hands,QWkaGI2Lpjg,171,181,train
cooking chicken,QX9mLRP3yH4,464,474,train
sweeping floor,QXDthP8AgbA,0,10,train
cleaning toilet,QXIE5MilPEo,124,134,train
washing dishes,QXk0SOwLbn0,22,32,train
washing dishes,QZ--2eBEMY0,93,103,train
baking cookies,QZPzWKApLZM,27,37,train
washing hands,QaoTcwYoiWE,203,213,train
baking cookies,QcikMDomwv0,187,197,train
baking cookies,QcxADPkWj18,3,13,train
cooking chicken,QefWdlnTil0,222,232,train
mopping floor,Qf86GvKuRZU,2,12,train
making bed,QfMrYnViJas,4,14,train
sweeping floor,QgJC4VV88s0,67,77,train
baking cookies,QhWe7_z-71w,13,23,train
baking cookies,QheLJpUlIMk,26,36,train
cooking chicken,QhrpoOemeMo,41,51,train
baking cookies,QiW5jTCnx-8,41,51,train
washing hands,QjXlGqqPqJw,54,64,train
cooking chicken,QjZJXbxW4eY,68,78,train
baking cookies,Qjka03Dl3iU,163,173,train
baking cookies,QjmoBFZkJD0,176,186,train
mopping floor,Qm4W54o6bqU,24,34,train
baking cookies,Qn85f1ml0Ew,38,48,train
washing dishes,QnCUWdUIC-c,43,53,train
cooking chicken,QnbGMDzHkW8,1677,1687,train
making bed,QoDo9743inA,12,22,train
baking cookies,QoGda91p-4s,0,10,train
washing hands,QoIxKRKKKzA,19,29,train
baking cookies,QpBihhfoqiA,23,33,train
doing laundry,QpYof8w_hk4,47,57,train
mopping floor,QqJ308zw5pc,25,35,train
baking cookies,QrZ889hV6Bk,218,228,train
cooking chicken,Qui2AjUFAcg,175,185,train
making bed,QvbkSQuR-Ng,281,291,train
baking cookies,QvdhY9ANX9A,121,131,train
doing laundry,Qw3jJ-5rcyU,10,20,train
making bed,Qw_KPcBevQM,108,118,train
sweeping floor,QwvVdh-rdrc,225,235,train
washing dishes,QxFLUl4SArs,1,11,train
washing dishes,QxdFeKWZ9IQ,1,11,train
washing hands,Qxquum8p8S8,7,17,train
cleaning toilet,QyMXWBHERnM,38,48,train
washing hands,QybWwa5pxw8,1,11,train
mopping floor,R20aUhTt2IM,3,13,train
washing hands,R2FX3GvJvVw,47,57,train
baking cookies,R2GqFbNASlE,95,105,train
washing hands,R3NQDcXnxXk,24,34,train
mopping floor,R4iY_w_0xug,143,153,train
making bed,R6-4g_EjvtE,38,48,train
folding clothes,R6tLF_gY2JQ,51,61,train
washing dishes,R76OMQFRhok,97,107,train
cooking chicken,R7Cr0uXDqJY,333,343,train
washing hands,R7DMldM1yi0,6,16,train
doing laundry,R7HoP_ZKnBQ,3,13,train
baking cookies,R7b_96PiEZ8,108,118,train
cleaning toilet,R8Ahy5d9a5E,223,233,train
washing hands,R8uXbkemnC0,2,12,train
cleaning toilet,RAGcjugiyAw,80,90,train
doing laundry,RBfKz53BQhE,5,15,train
baking cookies,RCdiU4luwSI,294,304,train
baking cookies,REleq0hsOO4,44,54,train
cooking chicken,RFE7qdhjgXc,219,229,train
folding clothes,RGEqMESSuew,24,34,train
sweeping floor,RHCRvOKKecc,22,32,train
baking cookies,RILA1bcPtvo,24,34,train
washing dishes,RKmwulQm3SM,349,359,train
making bed,RKoXkxvcZ84,20,30,train
making bed,RLCZBbGCqig,17,27,train
baking cookies,RMBdd90EDbg,221,231,train
baking cookies,RMlcr-8uYio,0,10,train
baking cookies,RNXgNnSFNQc,95,105,train
cleaning toilet,RO9GZ4NjFFw,17,27,train
baking cookies,RP5Hilchq0Q,110,120,train
mopping floor,RT7iPOijW-Y,4,14,train
sweeping floor,RV-jVxj-Qp4,26,36,train
baking cookies,RYWX4IfbYRI,498,508,train
washing hands,RZv9KDKZR3w,0,10,train
cleaning toilet,R_2f_fVANc8,347,357,train
baking cookies,Ra68gMw-vH4,398,408,train
baking cookies,RaQE93FNLQI,45,55,train
cooking chicken,RbBGLSJT-iM,62,72,train
cooking chicken,RbV6nKWTDEc,147,157,train
folding clothes,RbbVkhNriMw,272,282,train
washing hands,RchurF1SMr8,8,18,train
washing hands,Re6W9I_DDtg,15,25,train
sweeping floor,RePHwU4tRWQ,62,72,train
mopping floor,ReaEBU4m1jo,150,160,train
cooking chicken,ReaeDMq8XH0,468,478,train
sweeping floor,RgcAy2oKS9U,19,29,train
cleaning toilet,RgnmtOVHV3I,43,53,train
folding clothes,RgoctNBCJT0,121,131,train
cleaning toilet,RhjOd1L82hU,109,119,train
washing dishes,Rhz--CMebsM,27,37,train
baking cookies,RivtkxkDGUY,912,922,train
folding clothes,RjAWsY9padQ,16,26,train
cooking chicken,RjKssP2tvUg,295,305,train
cooking chicken,Rjrv4illb7I,234,244,train
washing hands,RkOArxYZmz4,78,88,train
doing laundry,Rl8kUerCnIc,72,82,train
folding clothes,RllXswcssq4,208,218,train
cooking chicken,RniSR4AHaMk,165,175,train
cooking chicken,RpAnRVThB3o,415,425,train
washing hands,RpAsHk3b6Z8,3,13,train
cooking chicken,RpBJF-VN3aI,29,39,train
cooking chicken,RpbY0x_4bGc,101,111,train
sweeping floor,RpcOnd_hkPM,6,16,train
cooking chicken,RqX0DzCTwFI,248,258,train
washing dishes,RqqgH22gJD8,11,21,train
cooking chicken,Rr-cC8fvnLo,59,69,train
folding clothes,RraadGfMvfs,34,44,train
cleaning toilet,Rscct8Z1ttk,34,44,train
cooking chicken,RtKgo55xpuI,437,447,train
cooking chicken,RuCjP9AxjSE,43,53,train
cleaning toilet,RuFHkAwXjZM,85,95,train
baking cookies,RuYn7Nr6huk,1,11,train
washing dishes,Rw0W3GGrEwo,3,13,train
washing dishes,RxHq47kpdqE,28,38,train
sweeping floor,RycUc8pSsP8,11,21,train
washing dishes,RykLeCzdJYA,2,12,train
baking cookies,Rzdxdsnl2v4,98,108,train
doing laundry,S-sFvwwBlIU,2,12,train
baking cookies,S062QAqd2nk,421,431,train
baking cookies,S06BaW4j_HA,1,11,train
sweeping floor,S12wpcg1wnM,2,12,train
washing hands,S1aeFcDqmJQ,62,72,train
folding clothes,S2w7XB3e8ek,133,143,train
folding clothes,S36bG55moBQ,23,33,train
cooking chicken,S3SjjzdNe5w,88,98,train
cooking chicken,S3kTxiaX3Bc,11,21,train
doing laundry,S4TF7h8kFAg,225,235,train
cooking chicken,S52Ofejeot8,105,115,train
sweeping floor,S53-2HA2N8g,4,14,train
mopping floor,S5HA0cKdHHA,5,15,train
sweeping floor,S5Pb1MWombg,33,43,train
washing dishes,S5yjtKYAltM,20,30,train
baking cookies,S7UXJIM8QpU,13,23,train
washing hands,S8zmf6r2P1o,23,33,train
washing hands,SAQozwA42HE,14,24,train
doing laundry,SAWIpuYQNvo,10,20,train
baking cookies,SDJ15HEV6s0,116,126,train
cooking chicken,SDQsfIkAA9c,224,234,train
washing hands,SFTVA53EUa8,29,39,train
cooking chicken,SFfg-AwyojE,255,265,train
sweeping floor,SHA9xOaVBpg,3,13,train
mopping floor,SI7FGwpUJ6A,13,23,train
cooking chicken,SILIbT1J_QM,25,35,train
sweeping floor,SIUxuTfmsHQ,26,36,train
washing dishes,SIebBQ4x-hQ,16,26,train
making bed,SIuYIGaKAUI,15,25,train
mopping floor,SJGfj71j6wk,30,40,train
making bed,SKepMZmvdYQ,103,113,train
baking cookies,SLp-y9nfzcQ,26,36,train
baking cookies,SLzRoaBs69A,167,177,train
folding clothes,SNROyqDQ68k,104,114,train
washing hands,SNXNAy8oTks,0,10,train
mopping floor,SOEEcohAog8,224,234,train
folding clothes,SOiS_M_X1rw,0,10,train
cooking chicken,SRWwRZINBJ0,369,379,train
folding clothes,SRcdrgPA5wI,639,649,train
washing dishes,SS8LGVuv9Ak,1,11,train
doing laundry,SSIi8WzkCNw,83,93,train
washing hands,SSanhV0PrsE,11,21,train
baking cookies,SVG0R8ODg0o,202,212,train
washing hands,SWqSHMk6dIM,14,24,train
cooking chicken,SX7xEsx7KPA,298,308,train
washing hands,SYAIvKuJ2QY,87,97,train
baking cookies,SbVh1i6631Q,234,244,train
mopping floor,ScRFIt2xcTQ,72,82,train
mopping floor,SdJ4pKApdS8,46,56,train
making bed,SedNDMP1Kl0,107,117,train
baking cookies,SemHruGQhuY,215,225,train
doing laundry,SetUOxWG80E,3,13,train
cooking chicken,SfatZBO2dDY,9,19,train
making bed,SfslwwghCL4,86,96,train
making bed,Sg0esW_MUdo,104,114,train
doing laundry,ShAjuOVzwP0,38,48,train
washing dishes,ShN--6fKUJY,4,14,train
mopping floor,ShlTEUZXY6s,36,46,train
cooking chicken,SjPEVG6tfp4,74,84,train
doing laundry,Sjl3G5904E4,45,55,train
cleaning toilet,SkkPH2MKXq4,29,39,train
doing laundry,SmJ5SmHptcQ,79,89,train
folding clothes,SmyjJUwOPIc,6,16,train
washing dishes,SnPnrBk7-BQ,18,28,train
cooking chicken,Sn_I7AeA88k,124,134,train
mopping floor,So5fopZARH4,131,141,train
cooking chicken,SoaOuanzfxM,86,96,train
cooking chicken,Souk2U5BDHc,556,566,train
washing hands,SsOiUHuiVKo,8,18,train
baking cookies,SsaGQgH0F1U,258,268,train
folding clothes,SthMjTDEk8k,0,10,train
baking cookies,StnuOy-db68,1,11,train
baking cookies,Stnvqx-WU6E,164,174,train
washing dishes,Susbql9q1Tk,48,58,train
washing hands,SvYoTA-SAxo,44,54,train
washing hands,SvydX6TCEzA,7,17,train
folding clothes,SxLiFBxVOxA,142,152,train
folding clothes,SxrcIMS1T1A,20,30,train
folding clothes,SyScFqZ_Nw0,39,49,train
baking cookies,SyvmbFBw9_U,53,63,train
sweeping floor,SztT3KVolxA,4,14,train
making bed,T-xtPVZ26q4,6,16,train
washing dishes,T0-a--A6-CI,30,40,train
cooking chicken,T0dVNH6mW_w,108,118,train
baking cookies,T1G13dhEkDM,55,65,train
folding clothes,T2AB_iJ8Z1k,24,34,train
doing laundry,T2NykWzhTc4,296,306,train
making bed,T2q0DhPT2qk,62,72,train
mopping floor,T3HATGAzS2Y,9,19,train
folding clothes,T3TbGfmWrT8,69,79,train
making bed,T4Kr78S3-Lg,334,344,train
making bed,T4aqxI-3ZEQ,6,16,train
sweeping floor,T4jwZ7eM9xY,6,16,train
washing hands,T552oci4urM,126,136,train
doing laundry,T5A_1UeQAU4,82,92,train
cooking chicken,T5FkCv9yfGI,154,164,train
washing dishes,T5Nhh6SnkUY,93,103,train
washing hands,T5d7HyItM7s,26,36,train
cooking chicken,T675nkvrYEA,272,282,train
folding clothes,T6MD4qSRfFg,3,13,train
baking cookies,T7Kz454BmoY,66,76,train
washing dishes,T7ctt4qRMb4,44,54,train
washing hands,T7dmW7EbORI,75,85,train
washing dishes,T7wuOmFpEwU,2,12,train
baking cookies,T8ATKq_8D2o,224,234,train
washing hands,T98gqC-yanU,9,19,train
washing dishes,TBHSGAzoST0,3,13,train
baking cookies,TBgt8qKkJv8,325,335,train
folding clothes,TCKtLsxzqG0,295,305,train
cooking chicken,TDm4yUR4xyc,11,21,train
mopping floor,TE49NdASxsE,9,19,train
washing dishes,TEDtTDHC6KE,12,22,train
baking cookies,TEFA6LaJ6Lw,516,526,train
sweeping floor,TEpR1nQaCQc,39,49,train
making bed,TFFwKP1HnOI,69,79,train
baking cookies,TH7XlcwBYUY,86,96,train
washing dishes,THF1qbQaGNI,1,11,train
baking cookies,THYYq48o2lc,104,114,train
mopping floor,THZC4W7L5kI,4,14,train
washing dishes,TJ48ROTMlz4,44,54,train
baking cookies,TLUz3ngZgxc,63,73,train
cleaning toilet,TLw15TggJ0U,29,39,train
baking cookies,TNBbeKqSHjY,192,202,train
cleaning toilet,TNYcWHUAwoo,0,10,train
washing dishes,TQUBEdqkf3M,3,13,train
washing dishes,TRebmTFmRT4,66,76,train
washing dishes,TUAoYgLo3Yo,36,46,train
doing laundry,TUQ6_QQiIGc,0,10,train
mopping floor,TUsX3Azyw5k,53,63,train
cooking chicken,TW8e_HgKUIw,275,285,train
washing hands,TXhInquBZdQ,70,80,train
washing dishes,T_OwutKjphU,183,193,train
doing laundry,T_okKT9dFwk,89,99,train
washing hands,Tc0nHNkf0KM,2,12,train
cooking chicken,Tcr-zJ484k0,223,233,train
washing dishes,Tcuqwc_rDHI,38,48,train
doing laundry,TcwafsimnGo,7,17,train
sweeping floor,Td6Jbhar4qE,4,14,train
washing dishes,TdZyjFubpzg,343,353,train
washing dishes,TdzWpWwxFwc,22,32,train
cooking chicken,TfcbakDcMgE,64,74,train
cooking chicken,TgKKg8TFD74,123,133,train
cooking chicken,Th9GPpadrwA,296,306,train
baking cookies,ThJFuUEB_as,329,339,train
cooking chicken,ThUv9kDN2e8,596,606,train
baking cookies,TiUDqEJXu24,223,233,train
washing hands,TkPs3Po9tLI,35,45,train
cleaning toilet,TkQNGq-Qd7U,2,12,train
baking cookies,TlO-eWnF1Ok,2,12,train
sweeping floor,TmWPmvbaErU,69,79,train
cleaning toilet,TnON00rAklU,7,17,train
mopping floor,To83gNr-77o,37,47,train
washing dishes,Tof4RTV2QYM,10,20,train
washing dishes,TowfhXf4VfI,5,15,train
washing hands,TpksQ_wy-tc,7,17,train
washing hands,TqIavfWqBuQ,1,11,train
washing dishes,TrnW95cjVAY,0,10,train
washing hands,Ts9Rn6Ci4j4,64,74,train
mopping floor,TsNb0PpwvBo,244,254,train
folding clothes,Tu7lozaU4ww,51,61,train
washing hands,TuwYfnf2j5Y,111,121,train
cleaning toilet,Tv2qa5EGnnk,20,30,train
mopping floor,TvCusLfSO_s,39,49,train
mopping floor,TvfXDN_rBOQ,21,31,train
making bed,Tw-5SC6lB3M,16,26,train
washing dishes,TxI6W8QDHX0,41,51,train
washing dishes,TxkCWzy50-g,48,58,train
making bed,U-eb1v6afxk,15,25,train
cleaning toilet,U-uQxfxPgTw,278,288,train
washing hands,U1yBoxQMS4s,38,48,train
washing dishes,U2aqw21ijIg,100,110,train
washing dishes,U2s6zVgdpT0,125,135,train
doing laundry,U2xDD1ud8kU,5,15,train
cooking chicken,U381lib72Nw,114,124,train
cooking chicken,U3IThDRLB7c,223,233,train
sweeping floor,U4CymazsawE,74,84,train
washing hands,U53GAF8hSS8,18,28,train
cooking chicken,U5BFBugZ0TY,88,98,train
doing laundry,U5YW60hcJ4g,85,95,train
washing hands,U5e7KZegHtQ,44,54,train
baking cookies,U5m5JM1BDAc,209,219,train
washing dishes,U7OUGAKaaYw,5,15,train
folding clothes,U8bxwQqkxos,204,214,train
washing dishes,U90YAGNpAHs,3,13,train
washing dishes,UBof2MYhIuw,84,94,train
baking cookies,UCqmi1E2zu8,14,24,train
washing hands,UCuK32_AdUk,66,76,train
cooking chicken,UD4LSqYMX7c,59,69,train
washing dishes,UEU9CAHWSzs,0,10,train
baking cookies,UFSfncJjzvA,383,393,train
making bed,UFwz58_n0zM,48,58,train
sweeping floor,UG-ivd_7fyQ,30,40,train
washing dishes,UJgRw_cXmak,41,51,train
washing dishes,ULVY48GDz_M,17,27,train
baking cookies,ULiTDQmYJdw,4,14,train
baking cookies,ULve8DlNqp0,395,405,train
washing dishes,UMON1yIJfIc,188,198,train
making bed,UMsGMAyS4DE,3,13,train
doing laundry,UN9v9IF5CP4,2,12,train
washing hands,UNygfuERfbs,146,156,train
washing dishes,UO6a3sdDPAA,462,472,train
washing dishes,UPyIqD8Gp0s,53,63,train
cooking chicken,UQ89aC1WanI,96,106,train
cooking chicken,UQV7wdKt9mc,211,221,train
sweeping floor,URq7lAQdN0Q,39,49,train
baking cookies,USoJdtnsQnE,10,20,train
washing dishes,UTNd4YqWMXk,58,68,train
sweeping floor,UTmgOYRLQGI,2,12,train
making bed,UVl9oKCtpbc,69,79,train
mopping floor,UW0YozodRXA,1,11,train
cleaning toilet,UWjYsQaoNfE,17,27,train
doing laundry,UXEq7vfET6A,45,55,train
making bed,UXH0EQf4ZW8,4,14,train
cooking chicken,UYLKlAr8gJM,12,22,train
washing hands,UaCA_WIfAXE,27,37,train
baking cookies,UaM36UX5UyQ,58,68,train
making bed,Uc5smDLSbts,22,32,train
cleaning toilet,UdNY_lRLLdc,55,65,train
sweeping floor,Udb2h9SFwUM,60,70,train
washing hands,UddVCYHDKtA,0,10,train
folding clothes,UdhD6rw2ehM,26,36,train
washing hands,Udoc80wJa-A,49,59,train
washing dishes,Uf6kLsVvXd4,35,45,train
cooking chicken,UhklPkQjSXo,18,28,train
washing dishes,UjXtzcIqPjA,24,34,train
cleaning toilet,Ujj2s4HfpR4,20,30,train
doing laundry,UlPP8QKLLsY,15,25,train
making bed,UmasNYqxXLc,102,112,train
making bed,UmpjYScIPfw,4,14,train
sweeping floor,Umq9p-W1WrY,29,39,train
making bed,UoPlRu1SQj4,1045,1055,train
doing laundry,UpnLJPoHxEM,0,10,train
washing dishes,Ur3LpRtyCvs,24,34,train
washing dishes,UrtX0-5PVSo,65,75,train
making bed,UrucFR__-UU,555,565,train
washing dishes,Us17QDET2OU,2,12,train
washing dishes,Ut8bXGGnx08,163,173,train
cooking chicken,UtwA9Qx75gc,131,141,train
cleaning toilet,UvjzzZuKPTI,53,63,train
cooking chicken,UwTBNoepS7Q,82,92,train
baking cookies,UxVnOPYmwXs,169,179,train
washing hands,UyzwqFRV3No,3,13,train
doing laundry,Uz6OzvCZtqU,56,66,train
baking cookies,Uzhp36br998,88,98,train
baking cookies,V1UwDX01MUQ,290,300,train
sweeping floor,V1beeRt-lVw,35,45,train
mopping floor,V369q-8nzHo,23,33,train
washing dishes,V3jtaW4S0UY,5,15,train
doing laundry,V4lBYjoH3Xk,218,228,train
washing dishes,V6Pow_a14_4,21,31,train
sweeping floor,V6epE7ST-GA,7,17,train
washing dishes,V6nFLQuIRwY,34,44,train
folding clothes,V7LaBlHgqqg,28,38,train
cooking chicken,VA1XgTQQLN0,189,199,train
baking cookies,VA58PyH4Sh0,136,146,train
cooking chicken,VBdOXL1-nUI,122,132,train
baking cookies,VCPiVZ4iZyc,88,98,train
folding clothes,VCQL95w9-gc,204,214,train
baking cookies,VFBLWRkyXkI,590,600,train
baking cookies,VFq7RLH_fAw,5,15,train
washing dishes,VGLIvnVooW4,3,13,train
cooking chicken,VGQQQ22KTNE,93,103,train
washing dishes,VGTBjB-zCa8,10,20,train
sweeping floor,VGbnwTl0kM4,60,70,train
baking cookies,VHOgBBV3h38,295,305,train
cooking chicken,VHqHsll59Tk,987,997,train
making bed,VIYqmbEFbEQ,52,62,train
mopping floor,VJgQrNwBudk,2,12,train
cooking chicken,VLP0sQFEjMU,277,287,train
baking cookies,VMwSYhjndnY,20,30,train
cleaning toilet,VO07pBFAiz4,16,26,train
making bed,VOlQvzSIrnM,1,11,train
washing dishes,VOs29pg2d2w,35,45,train
cooking chicken,VTMK8eHWoCQ,137,147,train
washing dishes,VV1bnjrcRc0,241,251,train
folding clothes,VV2xX4r_qXk,138,148,train
mopping floor,VVK40ImuJZ8,13,23,train
washing hands,VYWgIS4K2Sw,41,51,train
washing dishes,VYhEJuLNsDQ,30,40,train
mopping floor,VciBBWo4GTI,16,26,train
folding clothes,Vds4_L7RMUs,1,11,train
washing dishes,VgdPJpNtm8E,98,108,train
washing hands,Vgx-VbPFKpw,42,52,train
washing dishes,VhVazBeo9JI,55,65,train
mopping floor,Vi3LGsAI7TQ,10,20,train
sweeping floor,ViWJinbYY3k,9,19,train
washing dishes,ViuZVCHSO1Y,3,13,train
washing hands,VjJ4kiaPdNY,4,14,train
cooking chicken,Vk85yiBGwww,142,152,train
cleaning toilet,Vk_xrmS1rRw,71,81,train
folding clothes,Vl0LkE93oF4,11,21,train
baking cookies,Vn-8OlzK-pI,6,16,train
folding clothes,VnVr_fnJP-I,6,16,train
mopping floor,VoC3_WW_BoQ,46,56,train
making bed,Vot_91E96h8,4,14,train
baking cookies,VpWSl5VY5pA,25,35,train
doing laundry,VrLee5Iu1Rs,37,47,train
washing dishes,VsglYOghT2Y,113,123,train
cooking chicken,VskPGridZyo,4,14,train
washing dishes,Vt29Z5wZoM4,1,11,train
washing dishes,Vt8VSxkZz7k,333,343,train
sweeping floor,VtGJipTpJIw,0,10,train
cooking chicken,VtXMe8V_ysQ,339,349,train
cleaning toilet,VvA_yQJJLvQ,7,17,train
cooking chicken,VvC4jKzTwWk,175,185,train
making bed,VwtdvN51BSg,172,182,train
baking cookies,VwuHXiaaSHA,1,11,train
cooking chicken,VyeXwbdZWY8,173,183,train
making bed,VzIYdPrxWT8,312,322,train
baking cookies,VzPHDiecacQ,663,673,train
sweeping floor,VzqxOBuXVr4,1,11,train
mopping floor,W-5XhWlwKCU,80,90,train
baking cookies,W-BjReogr_w,291,301,train
making bed,W-qitllzRRI,695,705,train
folding clothes,W0DC2errfdQ,55,65,train
cooking chicken,W1VrHybD3Ac,128,138,train
washing dishes,W2kxBNrGUzM,8,18,train
folding clothes,W3jEERIGRhE,59,69,train
cooking chicken,W3movG0qulE,2174,2184,train
washing hands,W3ynUkrk_Bg,16,26,train
cleaning toilet,W4T7Nwfkzek,8,18,train
mopping floor,W4yXnhzKywU,32,42,train
baking cookies,W5IDSL5drUY,3,13,train
cooking chicken,W5mkIYYn6TI,473,483,train
cleaning toilet,W6GjnDLwkKk,6,16,train
washing dishes,W6fqperVyIM,89,99,train
baking cookies,W7bFwZJtACo,142,152,train
cooking chicken,W7c3rsIZ5UE,753,763,train
folding clothes,W8B__S2Oz8U,3,13,train
washing hands,W8Q4KA9m-k8,32,42,train
baking cookies,W8dQcCLpigU,58,68,train
washing dishes,W8kXeieZ7ck,7,17,train
making bed,WABICrJczHM,97,107,train
mopping floor,WBu3ic6VqCg,70,80,train
cooking chicken,WC3By4azcLI,292,302,train
cooking chicken,WC_9ZRkpYo0,216,226,train
cleaning toilet,WCnWPUeOJEo,4,14,train
sweeping floor,WE2BdgryPuA,3,13,train
cooking chicken,WEBo5T6hKeE,1112,1122,train
baking cookies,WEMwPmTnOhI,204,214,train
making bed,WEpPeVG8ABg,59,69,train
washing hands,WFoJKlX5ImE,32,42,train
cooking chicken,WFqw5V-p5Z4,121,131,train
washing hands,WFwzvu2EkNY,20,30,train
making bed,WGADRqxrI_M,158,168,train
washing hands,WGslL1X6aD4,63,73,train
baking cookies,WIk_IZEZPeM,23,33,train
sweeping floor,WJ3rjgZ-Jdw,1,11,train
baking cookies,WJipgy0vUWE,496,506,train
doing laundry,WKzbg0iAyiY,36,46,train
sweeping floor,WMbnpOAX7Bk,17,27,train
folding clothes,WMigPD_CNXI,115,125,train
mopping floor,WNwWOMCMO-g,192,202,train
mopping floor,WO8bB4NRLhY,25,35,train
baking cookies,WOolqlvXDuA,60,70,train
baking cookies,WPT4UyIAOZg,95,105,train
folding clothes,WPb2nnnPUbo,107,117,train
baking cookies,WRQNfOua-ew,1,11,train
sweeping floor,WV4ZSIcCeNk,7,17,train
mopping floor,WWgDwXW9eaQ,20,30,train
washing dishes,WWmExmMiN2o,1,11,train
cooking chicken,WX-q0GRb8tw,81,91,train
mopping floor,WXc3iMWK_SI,16,26,train
cooking chicken,WXcRFKy-LWw,319,329,train
washing dishes,WY55UzkIHFE,3,13,train
baking cookies,W_FrkBjx7Ps,295,305,train
washing hands,Wb6W7bfHJsA,3,13,train
washing dishes,WbfTs6v4Sxk,4,14,train
making bed,WcE7BqVIrwg,83,93,train
washing dishes,WcagE-vGic4,14,24,train
folding clothes,Wd5OyPEZ_-8,34,44,train
washing hands,WeG0W3ehbEc,62,72,train
folding clothes,Wel5tzwAAX4,16,26,train
mopping floor,Wep-nfzg7R8,69,79,train
folding clothes,Wf6qcRapYzA,5,15,train
mopping floor,Wh8kfbMkOKM,18,28,train
cleaning toilet,WhNq2iyGUfU,114,124,train
washing dishes,WhqXkV7dH8M,97,107,train
baking cookies,WijF24AZve0,24,34,train
washing hands,WizNS3b7RUM,41,51,train
folding clothes,Wj8OWjM1QYo,3,13,train
cooking chicken,WjEhN1feETw,146,156,train
doing laundry,WjaPmWZup6s,37,47,train
cleaning toilet,WjdCWbzLE80,48,58,train
sweeping floor,WkA736KquR0,4,14,train
baking cookies,Wkg0CHDLOww,1,11,train
washing dishes,WkyPmni8VUU,44,54,train
baking cookies,Wl_myLJivYE,210,220,train
washing hands,WnOF4dujPsg,98,108,train
washing hands,WpIJbJ6i77Q,20,30,train
making bed,WpOrr2ZFeEs,43,53,train
washing dishes,WrZZMTS2A0Q,13,23,train
folding clothes,Ws4dUztMnDI,76,86,train
folding clothes,Ws6jX2ygwlU,25,35,train
sweeping floor,WsKrPBEiZWo,4,14,train
folding clothes,WsSeBxpLVC8,348,358,train
folding clothes,WtOZiD8fXns,3,13,train
washing dishes,WuhK4lhEX2E,0,10,train
baking cookies,WuptXI8Y2KM,25,35,train
washing hands,WwV5tTivMNk,25,35,train
doing laundry,WxDh_2AEBhc,212,222,train
making bed,WylNTJRsJyo,214,224,train
doing laundry,WyxuzlVjukA,8,18,train
folding clothes,X-5GSW9j9Uw,133,143,train
washing dishes,X-P4WPgGUnc,1,11,train
washing hands,X-jVp3O-im0,3,13,train
cooking chicken,X-tLEpSFMtQ,45,55,train
washing dishes,X0BkoKi5Uh8,36,46,train
washing hands,X2OGIv2iWFY,85,95,train
washing hands,X3L23IqtqWw,24,34,train
cooking chicken,X3M8ai5T9hQ,206,216,train
making bed,X3ej0YroTJA,12,22,train
making bed,X4NYd40NpcA,1080,1090,train
folding clothes,X4NinOL_X04,12,22,train
washing dishes,X4Rfz4l8eEA,4,14,train
sweeping floor,X87I8aqGhS4,1,11,train
doing laundry,X8uE-tGtp3M,51,61,train
sweeping floor,XBH1JTmJlps,284,294,train
making bed,XBQcHc9vKvc,388,398,train
washing hands,XCZ8k3tVxew,1,11,train
washing hands,XDGhv1b5zfA,4,14,train
cooking chicken,XDrJotwRCZ0,130,140,train
cooking chicken,XEA4CJrqu-w,159,169,train
cleaning toilet,XEUknsmBdFM,211,221,train
cooking chicken,XHpUtssUl_A,189,199,train
doing laundry,XIXi1CDgj_k,6,16,train
sweeping floor,XIdgos5OTds,2,12,train
doing laundry,XKbR_vWSjF8,43,53,train
folding clothes,XKzzdNSq-5o,36,46,train
baking cookies,XLwuZYMxTQI,176,186,train
making bed,XNlSqw_D8IE,18,28,train
baking cookies,XNr310264RE,85,95,train
washing hands,XO0AbQGVN3s,12,22,train
cleaning toilet,XO4eYrXVkXw,15,25,train
mopping floor,XO5s5gKozKo,56,66,train
washing hands,XOVXcy6z-ik,8,18,train
washing dishes,XPEYQ1vRN2E,44,54,train
cooking chicken,XQb_gPXb-jM,74,84,train
folding clothes,XQbtDI1EoaU,38,48,train
washing hands,XTSoL13dZGE,4,14,train
folding clothes,XU4P2Z0dRG4,6,16,train
washing dishes,XUJqQ8Gd_MA,1,11,train
cleaning toilet,XUPOqkcQSec,82,92,train
making bed,XUTUC6NnrB0,9,19,train
mopping floor,XVLuRTO-UJw,18,28,train
cooking chicken,XVuxlfuSegY,450,460,train
cleaning toilet,XWb_s-lGZKY,39,49,train
washing hands,XWt47flR3mA,59,69,train
folding clothes,XWy4g-7-5I4,28,38,train
washing dishes,XY7iCa7ymHQ,4,14,train
cooking chicken,XZ-AO1lCljQ,234,244,train
cooking chicken,XZyg_7Qlwo0,91,101,train
washing dishes,X_Gmxgtl9Oc,59,69,train
making bed,X_caxB5qeHE,59,69,train
mopping floor,XbGLUZFp2Ug,125,135,train
baking cookies,XbIkwSMgaSM,57,67,train
washing dishes,XbSQ_7vh7yc,93,103,train
washing hands,Xbe9qCNXt44,114,124,train
cooking chicken,Xbrj1Ifq4-Q,14,24,train
folding clothes,XeoNsou2vy4,34,44,train
doing laundry,XfLeC56ldG0,54,64,train
cooking chicken,XfPpxX05cAo,56,66,train
doing laundry,Xg3rXHG7Rbg,0,10,train
washing hands,Xh0f2NgFToA,37,47,train
cooking chicken,XhKIS_FWoh4,271,281,train
washing dishes,XieWSz6i8H0,66,76,train
cooking chicken,Xj5fffiBObk,340,350,train
baking cookies,XkfcNznFWFM,593,603,train
folding clothes,XnfDthLaZT4,18,28,train
cooking chicken,XnoZ6jqmFSk,255,265,train
washing dishes,Xnuq9rrVfac,8,18,train
sweeping floor,Xpj_04RLcqE,16,26,train
baking cookies,XqmMZs2-3ZI,71,81,train
folding clothes,XrHSJIsiuQA,19,29,train
folding clothes,XtjsBUSiORs,27,37,train
washing hands,XuTD9diWy8Y,14,24,train
washing hands,Xw8tNozvEhA,24,34,train
washing hands,XysW4-KUvHM,128,138,train
mopping floor,XzlK90HJb_w,28,38,train
washing hands,Y-mksQiPV4g,3,13,train
making bed,Y1GWBnU0J84,116,126,train
mopping floor,Y1pdfttolvE,4,14,train
washing dishes,Y2_NGhUJ6NI,9,19,train
baking cookies,Y7NOxJo8HKU,169,179,train
washing hands,Y8DS67DyIZg,25,35,train
doing laundry,Y8m6jltCtC8,8,18,train
cooking chicken,Y8xvKeLHcO8,181,191,train
baking cookies,Y9Nf8c-iqN8,252,262,train
cooking chicken,Y9dQa8c78zo,311,321,train
mopping floor,YA-S-0amK2o,8,18,train
cleaning toilet,YASai6kgUY0,7,17,train
doing laundry,YAYupypICeA,3,13,train
cleaning toilet,YBrDTLkolEc,88,98,train
washing dishes,YCSW22HJTyQ,5,15,train
washing dishes,YDNgm6ufrJc,43,53,train
mopping floor,YDQpsUQ5gHY,3,13,train
washing dishes,YEiF8SbpZK4,112,122,train
doing laundry,YElqr647Bw4,64,74,train
washing hands,YHJx1AptGBU,2,12,train
baking cookies,YHcRx6pdeEM,15,25,train
doing laundry,YIKL7ij0590,2,12,train
washing dishes,YIy0uYmMLVY,1,11,train
baking cookies,YJEypVn6Yh0,138,148,train
mopping floor,YJX4YriEYRg,4,14,train
cooking chicken,YKF7N-6_PuI,99,109,train
doing laundry,YKvN7xx2Gbc,27,37,train
washing hands,YLNYHWY-XxA,0,10,train
folding clothes,YN1OpRciqtg,320,330,train
cleaning toilet,YN5hIwHk60o,80,90,train
washing dishes,YNnyUVFE4uM,45,55,train
washing dishes,YODq8RRTILM,34,44,train
cleaning toilet,YOMNa0yg5l8,4,14,train
washing hands,YOZQt21CuGA,42,52,train
washing hands,YPbCpT07Pck,4,14,train
making bed,YPmOb-nyCFo,35,45,train
washing dishes,YQCEFupFZjI,9,19,train
folding clothes,YQZzSs627ns,17,27,train
washing hands,YQiX5OeW3t4,3,13,train
cooking chicken,YRGesqV0M3U,155,165,train
folding clothes,YSDIu0x5QOI,4,14,train
washing dishes,YV6T4HMvyOg,4,14,train
mopping floor,YVKWKl-37hI,19,29,train
baking cookies,YVuChCkgfSU,13,23,train
cooking chicken,YW8te7oZ11A,195,205,train
mopping floor,YWEFODMM5fs,45,55,train
cooking chicken,YX1GPFP5q7s,33,43,train
baking cookies,YZ-rAlnRHA8,6,16,train
cooking chicken,YZAbuT8IlTI,118,128,train
washing dishes,Y_nyVFn70Lk,45,55,train
baking cookies,Ya7NWBL2Vvg,535,545,train
baking cookies,YaMCJvAfRN0,144,154,train
cooking chicken,Yb3e2LuYngc,410,420,train
washing dishes,Ybjj6Oa8B-w,10,20,train
washing dishes,YcSHYbopRQw,8,18,train
cooking chicken,YcrKOgq36Fo,58,68,train
doing laundry,Ye3-Mbi_k-I,36,46,train
washing dishes,YfDGo8w8Wq8,10,20,train
sweeping floor,YhHr1V3S_uQ,21,31,train
baking cookies,YhyhTGCYCdE,157,167,train
cleaning toilet,Yi8YduoEwU8,25,35,train
cleaning toilet,YimMma5g7fk,22,32,train
washing dishes,Ymn8RKOCMgA,0,10,train
cleaning toilet,YmyAi5-XTto,3,13,train
cooking chicken,YqGpH24RZqo,131,141,train
folding clothes,YqSfn4NCDdQ,54,64,train
cleaning toilet,Yrfuxg-MJW0,22,32,train
making bed,Yrii6DwIdfI,27,37,train
washing dishes,Ytx-NXyEdUE,16,26,train
making bed,YuVh7SzyLtc,10,20,train
making bed,YuZOkpIgrJ0,215,225,train
washing hands,YvbPgY4HnYQ,42,52,train
baking cookies,YvsmZ82vxKc,187,197,train
folding clothes,YwMu5Ty2C3E,47,57,train
washing hands,YwiNy7yNXrQ,5,15,train
washing hands,Yy6tpfeVOT4,8,18,train
making bed,YyFbq_Id_Yw,160,170,train
washing hands,YyK7v5LeYRE,10,20,train
baking cookies,Yyn7ppfXzTY,261,271,train
cooking chicken,YzZGi0VPQAo,284,294,train
cooking chicken,Z-HIHUvNIaw,77,87,train
baking cookies,Z-utJzFrTa4,39,49,train
washing dishes,Z0L3C_o3P14,25,35,train
cooking chicken,Z2-37SFP0bM,1015,1025,train
washing dishes,Z2mH-bjQCpc,18,28,train
cooking chicken,Z4jy3iJB5Ns,81,91,train
mopping floor,Z4o2N5mat6M,35,45,train
sweeping floor,Z6gjKF4LY_Y,43,53,train
washing hands,Z6o53yaqc90,3,13,train
cooking chicken,Z8mBPIoeTqQ,180,190,train
doing laundry,Z939DHm0_ok,1,11,train
washing dishes,ZA7kuwWPmmY,150,160,train
cooking chicken,ZB2w9lcYdPE,94,104,train
washing hands,ZCIBr67JTlY,8,18,train
cooking chicken,ZCI_JboKmaA,125,135,train
cleaning toilet,ZCadffYd8ok,45,55,train
washing dishes,ZEGRmP8A1e0,0,10,train
mopping floor,ZEaA9Y6FS0k,0,10,train
sweeping floor,ZEhVtLCidr4,0,10,train
washing dishes,ZEmDQQbHIPc,33,43,train
doing laundry,ZF6IdCc_wd8,0,10,train
sweeping floor,ZGBZXP66l5w,3,13,train
washing hands,ZGKP1vXbjGo,215,225,train
mopping floor,ZHJtGclC5NI,30,40,train
washing hands,ZIVhKgISlwc,140,150,train
washing hands,ZJ72lV3b8XY,60,70,train
washing hands,ZJF8XVcBpJk,1,11,train
mopping floor,ZLuFDSB8c2A,21,31,train
mopping floor,ZMKqURLll3c,1,11,train
folding clothes,ZOBEmD9wEBI,116,126,train
washing hands,ZOhBD5xi2mA,11,21,train
washing hands,ZPeWBGotKHo,38,48,train
baking cookies,ZQezF8sgljg,73,83,train
cleaning toilet,ZRB0qXHA19Q,7,17,train
making bed,ZRJnVMFqCkA,4,14,train
washing hands,ZRK-KS-C0N0,20,30,train
making bed,ZRm7lju_Ink,374,384,train
cooking chicken,ZSfqWu8Ynzc,135,145,train
sweeping floor,ZToC-5jfh0U,6,16,train
making bed,ZTu2c4MFtU4,32,42,train
cooking chicken,ZUr3DxYyTqI,6,16,train
washing hands,ZVPQcaJiMko,10,20,train
mopping floor,ZVnC9MhoNQA,158,168,train
cooking chicken,ZW4URlGI-30,355,365,train
washing hands,ZWMiJ-p7gkw,9,19,train
washing hands,ZWv3Urzh8qI,15,25,train
washing hands,ZWzPz-LX9Qg,5,15,train
doing laundry,ZXEc0cahpuw,3,13,train
washing dishes,ZYoRrU3kacY,39,49,train
baking cookies,ZZq30L-EIVM,3,13,train
sweeping floor,Z_7DPlqdZHc,2,12,train
washing hands,Z_cm3gjFBBA,58,68,train
baking cookies,Za3nVhe3eKs,122,132,train
cooking chicken,Zb05M-gIKqM,510,520,train
making bed,Zbkscjfis-Q,322,332,train
mopping floor,ZblmMtkVXIc,23,33,train
mopping floor,Zd92c28uT0g,13,23,train
baking cookies,Zd9JLYI4OkE,324,334,train
washing hands,ZgQfvDLRD1s,463,473,train
washing dishes,ZhQCWpU9ENY,19,29,train
washing dishes,ZhUWkKhP1L0,140,150,train
cleaning toilet,ZhacfF4Aq6c,187,197,train
cooking chicken,ZiGPJk3ozqk,285,295,train
mopping floor,Zj5UWi52Qc0,0,10,train
cooking chicken,ZkMAroKowwM,97,107,train
doing laundry,ZkWPd1lrg-w,76,86,train
cooking chicken,ZlDKTirCtt8,146,156,train
cooking chicken,ZmBlqNacPCE,82,92,train
cooking chicken,Zma6JwlTCxQ,164,174,train
making bed,Zmmy4abqE8E,76,86,train
baking cookies,ZnK-EtxIRus,663,673,train
washing hands,ZpaEHSsN5Kk,17,27,train
washing hands,ZpsgtLlpuOg,23,33,train
washing hands,Zrto2Neltbw,29,39,train
folding clothes,Zs3DqB3bYlc,54,64,train
folding clothes,ZsBZzQpywII,25,35,train
making bed,ZtCk_0cMZ9U,347,357,train
cooking chicken,ZtH5FXvIaTQ,1452,1462,train
washing hands,Ztu9u57fs0o,152,162,train
cooking chicken,ZtuDW0MZYBI,1,11,train
baking cookies,Zu50l83IQog,64,74,train
making bed,Zv5gVeaQQgw,57,67,train
cleaning toilet,ZvKiqevKPek,275,285,train
doing laundry,Zw8mZoENQg8,8,18,train
washing dishes,ZwR5A1pfMU0,1,11,train
washing hands,ZwiaeaAaDho,26,36,train
cooking chicken,ZxvS8n-IVu4,248,258,train
baking cookies,ZzZtqrG-ehg,79,89,train
mopping floor,Zzhm2awjZ7Q,39,49,train
washing dishes,_0RzhPc9fG4,21,31,train
making bed,_0xvqLRQvOA,74,84,train
washing hands,_1CULjve7R0,92,102,train
washing dishes,_1FXBR0Ei6A,21,31,train
washing dishes,_1GitxLh2Ao,0,10,train
sweeping floor,_2ovTsSsYEg,4,14,train
baking cookies,_4R0Gx2feN8,70,80,train
washing hands,_4gSpAJJJL0,10,20,train
baking cookies,_4oL_A1gWnA,659,669,train
cooking chicken,_6oM1kN-CLI,115,125,train
folding clothes,_6wMS4DEGcc,39,49,train
washing dishes,_7LH0ly2ASg,150,160,train
cleaning toilet,_80FZU3ll_4,109,119,train
making bed,_84PXK2n1Ys,55,65,train
folding clothes,_85zhkoLzhU,18,28,train
washing dishes,_8ZxLYdbt2M,266,276,train
sweeping floor,_8jVHBfE9u8,76,86,train
cooking chicken,_8w7SkEkehQ,37,47,train
baking cookies,_BOMTx_00Uk,42,52,train
cooking chicken,_E4jaZjBufU,123,133,train
cooking chicken,_EXHJv4y8Ek,403,413,train
folding clothes,_Ef77KtaUg8,33,43,train
mopping floor,_ElOFRFmVjM,12,22,train
washing hands,_EltNSic4Ug,17,27,train
making bed,_F0Q6c4Rt2w,88,98,train
baking cookies,_FpULyv_lWw,1,11,train
mopping floor,_Frt3KCBy_w,103,113,train
baking cookies,_HyPISlvye0,110,120,train
mopping floor,_JCoL9nqj5w,0,10,train
folding clothes,_Je9Rs-DIR8,757,767,train
washing hands,_Johe-Y1IkI,47,57,train
doing laundry,_L0R-184uus,44,54,train
baking cookies,_L0VscGctQw,483,493,train
cleaning toilet,_LzKEKihQac,36,46,train
washing hands,_MVjXZoy7k4,16,26,train
cooking chicken,_P-iEZ6Ds0s,22,32,train
doing laundry,_P7OzblP4KU,2,12,train
washing dishes,_PBVM5EB9Dw,27,37,train
washing dishes,_PWqDQ6DjTM,40,50,train
cleaning toilet,_P_NlNj0o6Q,0,10,train
washing hands,_Q6tuPLA2Jc,15,25,train
washing dishes,_Q9DzFpEUO0,76,86,train
cooking chicken,_QocFr-rqqA,262,272,train
cleaning toilet,_SFlrK_k86U,50,60,train
sweeping floor,_SNPIj7skv4,186,196,train
making bed,_SlPWSA-1bU,144,154,train
sweeping floor,_T4ckdon9H0,2,12,train
folding clothes,_Tp5LVRLO9M,0,10,train
baking cookies,_VuMahbxLNE,102,112,train
sweeping floor,_WkKL-ptM54,59,69,train
doing laundry,_ZRPs0fai6o,58,68,train
washing hands,__g_rT9hXoc,7,17,train
washing dishes,__h0JIDxHeg,21,31,train
cooking chicken,_aq3d9-dEJU,4,14,train
washing dishes,_b0oh1DrIKY,33,43,train
folding clothes,_cCWRqRSICU,4,14,train
washing dishes,_dCdbS9q3SE,12,22,train
doing laundry,_e-VNVUBrro,4,14,train
cooking chicken,_eZF8n2NXwc,85,95,train
cooking chicken,_fXB936sstw,17,27,train
sweeping floor,_fvz5az9bZc,7,17,train
washing dishes,_gLNQ0e8vus,4,14,train
making bed,_herjpRvZm0,48,58,train
washing hands,_i2Bok-Bgmw,22,32,train
cooking chicken,_j62l4rKn2Y,274,284,train
cooking chicken,_j8E8aXVqes,0,10,train
baking cookies,_j93-kDc4SM,14,24,train
cleaning toilet,_jGEEGorZjg,28,38,train
mopping floor,_jWBk-OzfD8,5,15,train
cooking chicken,_kLUpQ3dAD4,496,506,train
washing hands,_l6I9gGr47M,64,74,train
cooking chicken,_lJ0OjJQQcw,19,29,train
sweeping floor,_ldQd2KCXx8,30,40,train
making bed,_llOE2Q8dJY,309,319,train
making bed,_mSH3NHJ6aY,60,70,train
baking cookies,_n0cR3Oshxg,199,209,train
sweeping floor,_nG0HRQz4d0,4,14,train
cleaning toilet,_nujZytbvsg,45,55,train
making bed,_oULiRGUHjo,396,406,train
doing laundry,_phbez-O8ns,36,46,train
mopping floor,_qTSCMmQRU4,25,35,train
mopping floor,_sLtcPZVcXY,0,10,train
folding clothes,_u_WX6waIIg,108,118,train
mopping floor,_ufmzok8hVI,17,27,train
cooking chicken,_ulT7r8StZ8,469,479,train
cleaning toilet,_vJ3biWuTVc,15,25,train
cooking chicken,_vavRe4Giv4,513,523,train
washing hands,_vy4nLiSpvU,13,23,train
folding clothes,_wQ0hlGQdlw,219,229,train
washing hands,_wy6BVsniso,48,58,train
folding clothes,_y5mztfT0wE,81,91,train
washing hands,a-4kpiRqgYo,1,11,train
baking cookies,a-P2PzRsI4I,327,337,train
mopping floor,a0jfKiaoqq8,17,27,train
cooking chicken,a2PzfV-nLA0,273,283,train
washing hands,a31oaX7SHZA,93,103,train
cooking chicken,a473xRKrDYU,105,115,train
cooking chicken,a48Fl1ePuyM,249,259,train
baking cookies,a4zcZQWRKw4,9,19,train
baking cookies,a596v--T1NI,118,128,train
doing laundry,a6B4uLwKb40,72,82,train
washing dishes,a6W8f2XCUDc,55,65,train
cooking chicken,a6YmxK2vgBY,179,189,train
making bed,a7hojhg3TC4,0,10,train
washing dishes,a8ma3tT6hv4,48,58,train
mopping floor,a970njqVFiQ,221,231,train
mopping floor,a9EhkJf0xOc,0,10,train
washing dishes,aA8KPJDBbKE,228,238,train
baking cookies,aA8aWhVQbws,7,17,train
folding clothes,aAbpCqob1Kg,44,54,train
mopping floor,aCJHnvM0Mkc,17,27,train
washing dishes,aCiN9mqkXoA,102,112,train
washing dishes,aDpFmQdX63M,3,13,train
folding clothes,aEYBEnK0EeY,0,10,train
cooking chicken,aEetHx8ZZQI,17,27,train
mopping floor,aEfVSvx1wPc,4,14,train
mopping floor,aEhsBcRUTdA,46,56,train
baking cookies,aFBQg9cYMVU,624,634,train
cooking chicken,aFqfDlvW1Xk,59,69,train
washing dishes,aGNCHH0UyYk,12,22,train
sweeping floor,aHIqQZi9jp4,0,10,train
washing hands,aK8XP5qYvwc,173,183,train
baking cookies,aKAdZweB86U,868,878,train
mopping floor,aKUXng4_ZW8,42,52,train
sweeping floor,aMBivjeKJ0s,22,32,train
baking cookies,aNh_rPNe2i4,0,10,train
sweeping floor,aOvutKidduE,8,18,train
doing laundry,aPJ78u73Fb8,16,26,train
washing dishes,aPhu0KW-05A,48,58,train
doing laundry,aR-V7BjcVTc,5,15,train
washing dishes,aRQOJDs1F-E,119,129,train
mopping floor,aRfSb4OXML4,8,18,train
washing dishes,aRjw4MiL268,18,28,train
washing dishes,aSGyvoXoTsM,3,13,train
cleaning toilet,aSt8GsoTbnI,25,35,train
folding clothes,aUFSKnoL81E,18,28,train
washing dishes,aV7fRG4QVpw,10,20,train
washing dishes,aVBHa7UTmkg,17,27,train
making bed,aWJrE96_9P0,498,508,train
washing dishes,aWe7eLt6NQY,193,203,train
cleaning toilet,aX01rWlmYJE,3,13,train
sweeping floor,aXw5zwg6SFU,0,10,train
baking cookies,aY-m8VDAtN4,47,57,train
mopping floor,aYC7F72n924,42,52,train
cooking chicken,aYbTP2oSOA0,113,123,train
folding clothes,aZC1gBFGvjo,897,907,train
sweeping floor,aa9ktkMa6VQ,4,14,train
folding clothes,abLv8PhqX5I,169,179,train
mopping floor,abcJI_nlhZQ,0,10,train
washing dishes,abkbat6vdX0,31,41,train
folding clothes,abosT1YDDU8,5,15,train
cleaning toilet,ac8uTb9QEeA,91,101,train
washing dishes,accfDRCJuos,1,11,train
cooking chicken,ad28I-mdT-E,68,78,train
washing dishes,ad4feOtBFvg,60,70,train
baking cookies,adLA8Fu4Wlc,0,10,train
washing dishes,adRFBKSi3uE,16,26,train
doing laundry,admrQMs57JQ,2,12,train
cooking chicken,adybXdsbk7Y,194,204,train
washing dishes,ae6T5sJeVYU,17,27,train
washing dishes,ae8NwlQ7dyE,69,79,train
folding clothes,aeA5EmapoI4,43,53,train
washing dishes,aeOcHGjtNSw,55,65,train
making bed,aeoGO-Kg7Lg,128,138,train
baking cookies,affYti663is,718,728,train
making bed,ajfwJV4FxE8,29,39,train
folding clothes,ajxsb7ZpWSc,17,27,train
baking cookies,akd6qt2PtQk,17,27,train
washing hands,anBLwnWHhfc,32,42,train
washing hands,anEI3UUECKw,3,13,train
folding clothes,anQ9mMZ-TFg,155,165,train
folding clothes,atOAXwxgvFY,19,29,train
washing hands,auemCMM7AA8,35,45,train
washing dishes,avGW9nrQ8Sc,6,16,train
baking cookies,avp_DE2qios,44,54,train
washing dishes,ax2edN1N5UY,25,35,train
sweeping floor,axuGRcPyRIo,117,127,train
baking cookies,ay9-R7vMHnM,224,234,train
sweeping floor,az2pSxZAeXg,194,204,train
making bed,azPXjmAodKI,102,112,train
cleaning toilet,b-hft52EEeM,220,230,train
washing dishes,b0E2im3Yomc,1,11,train
sweeping floor,b0GyA_lCRig,10,20,train
folding clothes,b27BYamOGg8,1,11,train
folding clothes,b2IOzS55dfE,101,111,train
baking cookies,b3D_oqKRbK4,95,105,train
making bed,b4miBA4bbDU,17,27,train
sweeping floor,b7OYHjoTg7c,7,17,train
making bed,b83CC6EsggE,0,10,train
washing hands,b87XWcnvpdc,14,24,train
cleaning toilet,b8FIPK4ZMNI,181,191,train
doing laundry,bDYyUdwT7V4,6,16,train
washing dishes,bD_M4U-l8sg,89,99,train
washing dishes,bEbNMYQx0t8,16,26,train
making bed,bFAMjoodoyA,143,153,train
mopping floor,bG0v40Vu7MM,0,10,train
making bed,bGXVOctiSwk,239,249,train
folding clothes,bGqL3ZmpudU,9,19,train
baking cookies,bHJsaR4Vkuw,561,571,train
washing dishes,bHn2KvK9mQQ,70,80,train
cooking chicken,bHn97AcmxiA,81,91,train
folding clothes,bIElbnj1E4w,1,11,train
washing dishes,bIhiUaNLP6I,51,61,train
washing dishes,bIul3a3AdXM,75,85,train
washing dishes,bJYRZiW23jY,96,106,train
mopping floor,bKQ3zWw9cLo,35,45,train
cleaning toilet,bKvLUNlrjCQ,47,57,train
washing hands,bM7O8Y6yLuw,5,15,train
folding clothes,bNwAGkHP5SE,2,12,train
folding clothes,bPouy2ybydo,30,40,train
mopping floor,bPqfqZm0doo,24,34,train
folding clothes,bSQP75rgpUI,55,65,train
baking cookies,bSVsZhb839E,121,131,train
mopping floor,bSbylf7yy40,9,19,train
cooking chicken,bSjV9V5yFAE,285,295,train
washing dishes,bStCaKN0-64,219,229,train
cleaning toilet,bT6JyTJ8JHA,65,75,train
folding clothes,bTXg-cQCKwg,62,72,train
making bed,bThhw4SsbKY,36,46,train
cooking chicken,bUaAmwUdxTo,60,70,train
doing laundry,bUkaV_JS2P8,128,138,train
washing hands,bXRkPK2zt5M,28,38,train
washing dishes,bXstDU8YDOM,377,387,train
folding clothes,bYMU4RVV6oQ,5,15,train
washing dishes,bZLqy94mESE,43,53,train
cooking chicken,bZQUt1HbQ0A,93,103,train
cooking chicken,b_AnlSuWm2A,133,143,train
making bed,b_ufEdhgkj8,145,155,train
baking cookies,ba7k3zSjYSc,75,85,train
baking cookies,bbT1st-MAGA,295,305,train
washing dishes,bcBGEYfRWkY,19,29,train
cooking chicken,bdBreVJ4TDw,75,85,train
washing dishes,bexQZOfRGCI,68,78,train
washing hands,bfUFHxaAUuQ,9,19,train
cooking chicken,bfn50A63uS4,70,80,train
baking cookies,biXlKMXrOVg,48,58,train
folding clothes,biiO5LECtfI,4,14,train
washing dishes,bjhCZfj4TMk,72,82,train
making bed,bjo6DxvzJng,114,124,train
cleaning toilet,bk2X-k0-eSg,69,79,train
baking cookies,bmyXMX9l40w,30,40,train
making bed,boEjHHcnbrg,11,21,train
baking cookies,bonJKL6jQI4,217,227,train
washing dishes,bpEBJ8lCpxo,4,14,train
washing dishes,bpEn9u8BDpI,7,17,train
mopping floor,bpa-0kra1Eo,106,116,train
baking cookies,bpb8bPWbCOQ,10,20,train
sweeping floor,bpoyMQFiWSE,14,24,train
cleaning toilet,bqL93xavCx8,43,53,train
cooking chicken,bqSQfOti2lU,271,281,train
making bed,bqfRizpUraU,4,14,train
washing dishes,brGj7MXe-hA,0,10,train
washing dishes,bsj_bN94CDw,169,179,train
sweeping floor,bsueBnmQ_CI,17,27,train
washing dishes,bt96JP3mhOk,4,14,train
washing dishes,bxQDLa7KMvg,7,17,train
washing hands,bxUZJzgkJ8k,197,207,train
baking cookies,bywFMRkRiSc,332,342,train
washing dishes,bzwQpQ6NpWU,5,15,train
cleaning toilet,c1IRFu0ToaE,4,14,train
making bed,c1o7820XyTI,310,320,train
making bed,c2mq7wFothM,83,93,train
sweeping floor,c3R383bL9mg,20,30,train
washing hands,c3ppjxFFeaU,48,58,train
sweeping floor,c4OJh1GtJn0,71,81,train
washing dishes,c4QBq4MAcxw,20,30,train
washing hands,c4Xm2O3TdlM,5,15,train
washing dishes,c5RV723FkLM,14,24,train
baking cookies,c5jUKpAAq5w,408,418,train
cooking chicken,c729EVAFb_s,415,425,train
washing dishes,c7QB-UnmiiA,40,50,train
washing hands,c7gejA-s_vk,42,52,train
cleaning toilet,c8AR9y1sbQ4,56,66,train
baking cookies,c8XE5-1ut3s,136,146,train
folding clothes,c97nnj8Zv6M,50,60,train
cooking chicken,cDHO7v4uskk,155,165,train
washing hands,cE5YlvyK3CI,0,10,train
cooking chicken,cELtTZe_OoQ,123,133,train
doing laundry,cEVHZc_uT7c,99,109,train
making bed,cFTqaMZ0ENg,217,227,train
washing hands,cFehCEt8cq0,27,37,train
cleaning toilet,cFg8Mq2WzdA,22,32,train
washing hands,cJbteWYHozo,3,13,train
washing dishes,cMxcZf9B134,3,13,train
washing hands,cO4p-b_-_Gw,110,120,train
cleaning toilet,cOlTANHf0-c,33,43,train
cleaning toilet,cQXq_smqI6s,1,11,train
washing hands,cQcNK0LzAAQ,5,15,train
making bed,cQoErnrrvKk,14,24,train
cooking chicken,cTHYjM9r6P0,227,237,train
folding clothes,cTPSOaqYRhY,1,11,train
doing laundry,cThgCWwzvU8,15,25,train
washing hands,cTltH9hZaY0,32,42,train
washing dishes,cU2Ih8WlgYA,134,144,train
doing laundry,cVWSZuIO-EE,27,37,train
washing hands,cWK_XCFQ8e8,41,51,train
washing dishes,cWTBX-hZB_0,80,90,train
washing hands,cWZxixQA9jw,86,96,train
cooking chicken,cXcafd7dKxE,216,226,train
doing laundry,c_JOpSRHhvo,38,48,train
making bed,c_nbLd4MEt0,122,132,train
washing dishes,cb4zQf9m6pE,0,10,train
folding clothes,cbMmIdfFc5w,52,62,train
folding clothes,cc060w-M7AE,39,49,train
making bed,cc4YIsJz5sg,2,12,train
mopping floor,cc9HyaCqArc,144,154,train
sweeping floor,cepzHpTugF4,136,146,train
making bed,cfWmOaNBQ7w,53,63,train
baking cookies,cfqVt3NlEIg,122,132,train
making bed,chxU1WGHlwg,114,124,train
baking cookies,ciozAfcAnZU,99,109,train
mopping floor,cjZt2ezY_3A,31,41,train
mopping floor,cjmE2I45sFg,0,10,train
cleaning toilet,cjnGGeD_tXY,26,36,train
baking cookies,ckr1Ubf2iVk,5,15,train
washing dishes,cmWrWgV2ldM,36,46,train
washing dishes,cnJLePQJRRs,0,10,train
baking cookies,cnxfR_BIxKw,14,24,train
washing hands,cpGZjzGYFSY,18,28,train
washing dishes,cpPk6kPvSUE,25,35,train
folding clothes,cqKKvgQ2I48,26,36,train
baking cookies,cqvpa-_JjEk,550,560,train
washing hands,crreZcM2USU,60,70,train
washing hands,cs5roPx_izo,105,115,train
folding clothes,ctSowMXD-Y8,33,43,train
washing dishes,cuyGvhyYUGU,20,30,train
sweeping floor,cvRSDEzQD3E,0,10,train
making bed,cx7rq72KPSM,1,11,train
washing hands,czOQT7V8zxw,13,23,train
sweeping floor,czrFDl0Kxec,11,21,train
making bed,czxvVsIywuU,322,332,train
cooking chicken,d01PAiIB3wc,205,215,train
cooking chicken,d0HIGKoNOh8,3,13,train
making bed,d1ZVc8VDFeQ,360,370,train
washing dishes,d3nxAURrQ_4,3,13,train
making bed,d3p2vdoKHxM,4,14,train
washing hands,d43wu7ja7pk,0,10,train
cleaning toilet,d4X6fO3vnRE,3,13,train
baking cookies,d5f7Y5_5Ozg,1,11,train
baking cookies,d5h-RPjwOBI,56,66,train
washing dishes,d6SV8gdA8QE,37,47,train
washing dishes,d6plXgfV3a0,5,15,train
making bed,d7TqFQFttVM,384,394,train
washing hands,d7prDyooNz4,115,125,train
folding clothes,d8c0jBeFzYM,10,20,train
baking cookies,d8ivFeAuB5g,56,66,train
mopping floor,d9bab_Frluc,79,89,train
cooking chicken,dCUrQUY7j_Y,36,46,train
washing hands,dCZKGk4Q4sk,6,16,train
making bed,dCxz5q2Loak,57,67,train
baking cookies,dD0e0w1ippY,342,352,train
washing dishes,dD_fEwE0zlI,44,54,train
washing hands,dDdU130NVw0,48,58,train
washing dishes,dEED6YZAvks,1,11,train
baking cookies,dGWlUtmrKcY,75,85,train
doing laundry,dHEjNGxrQNk,10,20,train
doing laundry,dLKSii5L7Sg,65,75,train
making bed,dMBlXTR3qQU,187,197,train
cleaning toilet,dMG_lV3M2VA,67,77,train
cooking chicken,dMRM0Vk1DHE,146,156,train
washing dishes,dMspvQ9HwUE,2,12,train
folding clothes,dMtT4hZyL9s,58,68,train
mopping floor,dN6_olIu9Tk,45,55,train
mopping floor,dPLBOzu9ksQ,30,40,train
folding clothes,dQvnF2I9u7M,54,64,train
cooking chicken,dRYRn-2W5LI,327,337,train
washing dishes,dSewqTGKXv8,281,291,train
doing laundry,dTJIlUhRaPE,126,136,train
making bed,dTZCcmaXFWw,4,14,train
folding clothes,dX0Yh44Y7qA,0,10,train
cooking chicken,dXNxD8qBKTc,43,53,train
sweeping floor,dYr_dYhY7Wk,61,71,train
baking cookies,dZxm3nvgWfk,96,106,train
making bed,daACDYId_GM,114,124,train
folding clothes,dautWfnCy7A,43,53,train
mopping floor,db-yioQBuJY,14,24,train
folding clothes,dbQvAqCo2-g,19,29,train
baking cookies,dc66lwiU9zE,256,266,train
folding clothes,dctxN4yYqRg,22,32,train
baking cookies,dd5UdAceVNs,11,21,train
cleaning toilet,ddWHeXSxHlo,138,148,train
washing dishes,ddXWB4eaMD8,6,16,train
sweeping floor,de8l7obzap4,7,17,train
cooking chicken,decA4j9qloI,165,175,train
washing hands,dfK1QFeMVt0,27,37,train
cleaning toilet,dg8kHAD1vQw,11,21,train
cleaning toilet,dgZXAPg-X7U,22,32,train
making bed,dh4ysiyL41A,16,26,train
baking cookies,dikVrQpsIUg,958,968,train
cooking chicken,dizDbcNZsHY,78,88,train
washing hands,dkBX8cugTDU,7,17,train
baking cookies,dkEkeAeNzaE,140,150,train
making bed,dlK1QS-Aofs,66,76,train
mopping floor,dluYZT3LA5Y,67,77,train
folding clothes,dnLf0EaR1d4,1,11,train
cooking chicken,dnRivlfIVHw,531,541,train
baking cookies,dnlsNOYMBWc,468,478,train
cooking chicken,do103mFS0gU,246,256,train
mopping floor,dpVa4IzNCCQ,25,35,train
sweeping floor,dpjnHIl1L4Y,2,12,train
baking cookies,dqTnASlJad0,197,207,train
sweeping floor,drq9RLCliwE,267,277,train
baking cookies,dsAfbgcYjhk,92,102,train
cooking chicken,dsOJn4krKmw,89,99,train
making bed,dsU5xWGDZQM,2,12,train
baking cookies,dtpnNcjUUHs,440,450,train
washing dishes,dtvqiVYAVWE,9,19,train
baking cookies,dvK0BJGRO8g,21,31,train
making bed,dvsQurg-0gM,118,128,train
washing dishes,dw1_CCvVhZ8,31,41,train
cooking chicken,dwCRDTaKZ8Y,132,142,train
making bed,dxBp4yKfE_s,22,32,train
cooking chicken,dxFesdaO0ic,141,151,train
baking cookies,dxZtEOg07-4,32,42,train
cleaning toilet,dzmnEnoEqCQ,53,63,train
sweeping floor,e-dgFC3hBu0,83,93,train
making bed,e-xCuXyO1w0,122,132,train
folding clothes,e1GgEGQQZp8,27,37,train
washing hands,e1GtBSWd_GA,204,214,train
washing hands,e1lEofwdU8Q,18,28,train
cleaning toilet,e2djxth7SXo,178,188,train
baking cookies,e3C9wAsL-wc,321,331,train
mopping floor,e3lx0uN8ahk,41,51,train
cooking chicken,e5iNQ047E6A,123,133,train
cooking chicken,e6aOJmpd7gQ,45,55,train
making bed,e8-AdNY7w3I,14,24,train
cleaning toilet,e8ANJGpa85k,2,12,train
sweeping floor,e9DG24ebWBM,20,30,train
baking cookies,e9l3PzP4uGQ,105,115,train
folding clothes,eA4aP3vm-pE,4,14,train
cleaning toilet,eApXORsAOqw,28,38,train
making bed,eB0zIUw7M3Y,303,313,train
baking cookies,eCWfDJIzc88,62,72,train
washing dishes,eCnaV0H1zdA,265,275,train
mopping floor,eFZufRRvIz4,60,70,train
baking cookies,eFo4pAu8P2A,357,367,train
cleaning toilet,eFoz01X7t2Q,169,179,train
baking cookies,eGgTOkznvns,137,147,train
cooking chicken,eH6YEhuO6E8,428,438,train
cleaning toilet,eI47wYB3KlI,40,50,train
cooking chicken,eIElkbIyIGg,21,31,train
washing dishes,eJe56tB6JSg,27,37,train
washing hands,eJv4IWuznIg,18,28,train
mopping floor,eJzDmhTCJx4,11,21,train
folding clothes,eKV27BQQxZQ,4,14,train
baking cookies,eKxme8hDZT4,320,330,train
folding clothes,eLMnrCdd8K8,42,52,train
making bed,eM_UJWD5s5I,129,139,train
cooking chicken,eMktaQl0B3w,95,105,train
mopping floor,eMwLiJe-C3A,45,55,train
cooking chicken,eNjUk4djhuc,276,286,train
cooking chicken,eNq8r4S5jSk,93,103,train
cooking chicken,eNwnIGojxc4,21,31,train
doing laundry,ePZMkzBGQPs,194,204,train
washing hands,eRRytma38w4,5,15,train
washing hands,eT1Oiajx0xo,20,30,train
making bed,eTLZMWEx9FM,68,78,train
mopping floor,eTm8FHcUvoQ,20,30,train
doing laundry,eVxBTh_U87w,56,66,train
washing hands,eWK9ZfcDvyM,65,75,train
mopping floor,eWM7Q0BKTwc,14,24,train
sweeping floor,eWmpBBx4voE,24,34,train
folding clothes,eWzZagHIfEU,22,32,train
washing dishes,eXu3Dv5Sy4g,34,44,train
mopping floor,eYvBpSVT5t0,11,21,train
cooking chicken,eZ-MtaWdbDU,31,41,train
baking cookies,eZtSArlwAxQ,808,818,train
washing hands,e_ILdHRz9vA,95,105,train
cooking chicken,eb1Xajy9r8Y,339,349,train
washing hands,ebOVzGtf8Gg,14,24,train
making bed,ec877gXMdXs,62,72,train
sweeping floor,efBqbp5igqA,24,34,train
baking cookies,efZdWOZ8nuo,74,84,train
making bed,eiQK4yg0izg,197,207,train
making bed,ej17krCilu0,116,126,train
washing hands,elEgkJmP7dI,54,64,train
cooking chicken,em6TioQwyAg,67,77,train
washing hands,emMP2A84z_8,60,70,train
washing dishes,emYR4WeNsao,1,11,train
washing dishes,eoCJo4nKVa4,2,12,train
making bed,eoE7Kj8n4kM,3,13,train
washing dishes,eoGdW5huyYU,16,26,train
sweeping floor,eoJdDjXyu_M,4,14,train
sweeping floor,eoyagWrqlSw,4,14,train
sweeping floor,eqHaqn8OQOU,0,10,train
mopping floor,erHC2g_4M3U,39,49,train
washing dishes,erh8jqNX_TY,174,184,train
cleaning toilet,ermAaL_y6t8,192,202,train
cleaning toilet,es6-9cqWBoM,71,81,train
cooking chicken,esLwIlzvyOg,145,155,train
folding clothes,eskHfeC1idI,4,14,train
cleaning toilet,evjSVMbCGug,38,48,train
cleaning toilet,exlw_d2cqD4,53,63,train
cooking chicken,f-87__Mbbbw,151,161,train
making bed,f-IsOwh0i4g,364,374,train
doing laundry,f0bBX4IrYuM,287,297,train
making bed,f0ds_CZbyMs,681,691,train
washing hands,f1aQarAJ0sM,269,279,train
washing dishes,f1dO8UGAq7A,195,205,train
baking cookies,f1pKUaS8kgY,32,42,train
doing laundry,f1tslY7C5Ts,22,32,train
mopping floor,f23CmkPr38w,131,141,train
baking cookies,f64rZrz1VG0,2,12,train
cooking chicken,f7-WJWgaGmk,60,70,train
making bed,f7EKhgK0e30,140,150,train
baking cookies,f8NyRcIsdFU,71,81,train
cleaning toilet,f8XjrzVqfUg,70,80,train
cooking chicken,fASNWiLKhk0,150,160,train
washing hands,fAZ5oBq2IIA,422,432,train
sweeping floor,fBOjfd4xwhg,11,21,train
baking cookies,fCHjsnwTvKw,4,14,train
washing dishes,fF3_Warb9G0,5,15,train
sweeping floor,fGZ7LaFjRek,35,45,train
washing dishes,fH5WptRzeNI,19,29,train
mopping floor,fIgTXWw8SrU,6,16,train
doing laundry,fJ1Hxz-LGm0,28,38,train
washing hands,fJvZr6ZUteU,3,13,train
mopping floor,fKEnq8YXss4,20,30,train
mopping floor,fKl4Q2YQqEc,54,64,train
washing dishes,fLLS8iX6ZZY,0,10,train
baking cookies,fLXHlCoEg-I,53,63,train
washing hands,fLdhgu_Y_1c,1,11,train
cooking chicken,fO25PeYUxwY,258,268,train
making bed,fOzbhXSVgIM,8,18,train
making bed,fP58p6t7KfE,183,193,train
doing laundry,fPRo-LAbQ0I,18,28,train
folding clothes,fQ6xRfjtQfg,126,136,train
washing dishes,fRlmUks3Yqk,113,123,train
washing dishes,fRm1DEh8Epo,1,11,train
cooking chicken,fSjDYPkaFFc,413,423,train
washing dishes,fT7bPryiKcs,135,145,train
folding clothes,fTBxH56SnGk,421,431,train
sweeping floor,fTMOtaSdQ5Y,0,10,train
washing dishes,fTQu2YNtr5k,128,138,train
cooking chicken,fUpihkqDuHA,1,11,train
sweeping floor,fWGjK_KyOGM,0,10,train
sweeping floor,fWcCGwpXPp4,70,80,train
cooking chicken,fXENK6uov-k,269,279,train
doing laundry,fXFzf-W1Upo,9,19,train
cooking chicken,fZ3VFKHgznM,122,132,train
baking cookies,faJlfjhDnk4,11,21,train
cleaning toilet,facDd0wDLVk,1,11,train
washing dishes,facoAQ8bRj8,12,22,train
washing hands,fbJicLgfX4g,101,111,train
washing hands,fc-iINGtiBU,10,20,train
sweeping floor,fcbTMvBFTXA,4,14,train
cleaning toilet,feYSvb3UTSo,3,13,train
cooking chicken,fejPGt8garI,357,367,train
making bed,ff5QmKCreow,24,34,train
baking cookies,fheKQv0R91s,206,216,train
washing dishes,fjICMtX9sXg,18,28,train
baking cookies,fkVg-XVVMHc,89,99,train
washing dishes,fmP5sr57iHg,4,14,train
mopping floor,fmPHjGerrpg,12,22,train
sweeping floor,fmf6BdkKFWo,3,13,train
cooking chicken,fmhXAb12mqc,479,489,train
folding clothes,fmzk6GkfsrY,4,14,train
folding clothes,frJwoNIRsqs,171,181,train
cleaning toilet,ft3dWoGM8p0,29,39,train
making bed,ftM7t-N2yoA,116,126,train
washing dishes,fu6bK56DmWw,2,12,train
cleaning toilet,fuABQAfXnic,56,66,train
washing hands,fulOEXArijI,3,13,train
folding clothes,fv4TNaS7m2U,11,21,train
washing hands,fvebcWz4WWk,2,12,train
washing dishes,fvyaB-sYBM8,120,130,train
cleaning toilet,fw-cpMu9nTE,9,19,train
cooking chicken,fw_ekLVSwOc,36,46,train
washing dishes,fwjl3fmW_n4,64,74,train
doing laundry,fyfJIR5PB84,5,15,train
cooking chicken,g0nPQnOIgvA,125,135,train
folding clothes,g1jLDCrocmM,153,163,train
cooking chicken,g2N_0xPfD9U,4,14,train
baking cookies,g2Vl5zYeWLA,139,149,train
making bed,g2tPu5pXvzE,82,92,train
washing dishes,g3LI_3h6tUc,0,10,train
baking cookies,g47s75LQupc,51,61,train
sweeping floor,g4j04AMLlSQ,1,11,train
washing hands,g4uXoWCRLZ8,4,14,train
cooking chicken,g5jRDIeDmOE,489,499,train
making bed,g61j041Ij-U,20,30,train
doing laundry,g6PIOIRULM8,3,13,train
washing dishes,g6mNpCBRqJ8,15,25,train
washing hands,g7Hf_lO2hhs,0,10,train
washing hands,g7gL2bR4saw,146,156,train
cleaning toilet,g89KLQB4MMo,0,10,train
cooking chicken,g9VzH5LXHI8,24,34,train
making bed,g9gAXbBiKoU,245,255,train
doing laundry,gAD0CSFNAk0,93,103,train
washing dishes,gAm9ybkqRNw,105,115,train
washing hands,gE0a-K7mlvY,1,11,train
cleaning toilet,gFErwv1O1iM,1,11,train
baking cookies,gFTvY6xulTQ,36,46,train
folding clothes,gFyntktO8p0,0,10,train
washing dishes,gIS2gq2NppE,84,94,train
cooking chicken,gJ2vuHhi7Fw,457,467,train
cooking chicken,gJ9x1rK9cJM,335,345,train
washing dishes,gJxR-KzawO4,172,182,train
folding clothes,gK7kNklE8Zo,3,13,train
washing hands,gKHSMWWNJqU,8,18,train
baking cookies,gLMRrxoptUA,7,17,train
baking cookies,gLYyVRMqxQo,323,333,train
mopping floor,gLescfORbmw,15,25,train
cooking chicken,gLm9lmq4H4U,79,89,train
mopping floor,gLpvY6K9SdQ,11,21,train
cooking chicken,gMpIH2ibViw,84,94,train
washing dishes,gN0kikrlNic,0,10,train
mopping floor,gNFrILoB8LY,0,10,train
baking cookies,gNJPngba9Xg,85,95,train
mopping floor,gNO5t95MLrA,47,57,train
sweeping floor,gO-mfrt7hYg,359,369,train
washing dishes,gPEaBUowH_g,3,13,train
washing dishes,gR-hW97Em3k,44,54,train
folding clothes,gRMdJhh9Bys,90,100,train
washing dishes,gSPHJEI6nhA,18,28,train
cooking chicken,gU-nV4qfz8w,323,333,train
washing dishes,gUV3XFN8mgw,33,43,train
cleaning toilet,gW1zBIxtKUA,7,17,train
mopping floor,gWGVLV4JH1k,4,14,train
washing hands,gZElLYtn3Cw,4,14,train
washing dishes,gZTI9p4O96g,22,32,train
washing dishes,g_mgBzUEqtA,19,29,train
washing dishes,gaB-g2BuOP0,22,32,train
cleaning toilet,gaeOERzad7U,2,12,train
cooking chicken,gaozKcL2n0Y,43,53,train
cooking chicken,gatDeN_TG3A,139,149,train
doing laundry,gby06aXkSBk,79,89,train
cooking chicken,gclEOAYqgCU,0,10,train
mopping floor,gdNoNKmRgsk,4,14,train
washing hands,gdbDXJEtECE,3,13,train
cooking chicken,geZKhtO_aXo,71,81,train
washing hands,geb2468Bxz0,13,23,train
folding clothes,gfI77fex_tw,355,365,train
cooking chicken,gfYnQA2vXCM,17,27,train
cooking chicken,gg8Mc3qRP34,20,30,train
making bed,ghMtzCZiCOA,45,55,train
washing dishes,ghUNgCV8k8I,33,43,train
doing laundry,ghndrIas9U8,73,83,train
washing dishes,ghxiG0Dnrt0,4,14,train
baking cookies,gi9iS8GwL6g,39,49,train
mopping floor,giVL_tDQCJc,73,83,train
washing dishes,gj7SlrRgUoE,16,26,train
cooking chicken,gjZqGg5zEDY,152,162,train
washing dishes,gj_uUQLhShg,37,47,train
cooking chicken,gm1q93CScrI,18,28,train
washing dishes,gnIyMnSQGXQ,7,17,train
washing dishes,gnZNjQsWaUc,44,54,train
washing dishes,gofKGPquu_g,292,302,train
washing dishes,gpBhklbCYu0,36,46,train
sweeping floor,gqIkLdMo4pg,14,24,train
cleaning toilet,gqQ0WJmGWYI,57,67,train
folding clothes,gqq8eAl5Xyk,181,191,train
mopping floor,grefqO2n764,35,45,train
folding clothes,gsm8Ak2fqEc,37,47,train
cleaning toilet,gtroZNRa7mM,166,176,train
baking cookies,gu3uGPZvQkc,780,790,train
mopping floor,gu8n9XnrkXA,12,22,train
cooking chicken,gum7LM8nqcA,475,485,train
washing dishes,gweR9xh2zZ8,40,50,train
sweeping floor,gxssDQsHYgY,19,29,train
making bed,gyQLkQARl50,78,88,train
sweeping floor,gz5f--LFsX4,123,133,train
folding clothes,gzCHk0JZ2hY,102,112,train
doing laundry,gzk_b3qYrfE,7,17,train
making bed,h-97UZEBcbI,31,41,train
baking cookies,h130-oNir8c,92,102,train
washing dishes,h1Q8EcqvBYs,9,19,train
sweeping floor,h3FARcIF_Qs,12,22,train
cleaning toilet,h3PcJ_25wic,25,35,train
baking cookies,h3eYMXyZt90,153,163,train
washing dishes,h4-fU_xKA0M,27,37,train
mopping floor,h4plD4hfbXY,97,107,train
folding clothes,h63pP6OgjwE,166,176,train
washing dishes,h684t9-2riE,12,22,train
mopping floor,h8aN-Wd_g3I,24,34,train
making bed,h8wSMiftiJk,1,11,train
folding clothes,h9I2aoLCgU4,11,21,train
baking cookies,hCUFk00Fy1Q,233,243,train
baking cookies,hCzVqaFMlIw,78,88,train
washing hands,hD5NchP-B8I,73,83,train
washing dishes,hDbpbXeoqwQ,108,118,train
baking cookies,hDk9xNu0T94,81,91,train
washing dishes,hFImGtH8270,15,25,train
washing hands,hGuqCjhsFn4,39,49,train
mopping floor,hH5ljsi4e5Q,13,23,train
cooking chicken,hHKVupcZJPI,344,354,train
cooking chicken,hHMo3FAwIRc,390,400,train
cleaning toilet,hHXxDLCSL7I,293,303,train
baking cookies,hIBY6avrmZ0,157,167,train
washing hands,hIS3ZKT-18A,44,54,train
washing dishes,hJjfyyEx_C4,4,14,train
baking cookies,hKExqgz9fmg,241,251,train
cooking chicken,hNlE87rR9as,115,125,train
folding clothes,hO5tTX7vdBk,47,57,train
baking cookies,hORymmpZltM,136,146,train
washing dishes,hQpVoBRBefM,2,12,train
folding clothes,hQpvbpt4-0A,5,15,train
cleaning toilet,hQqh6XhJPmo,115,125,train
washing dishes,hV0_m9Qt3q4,3,13,train
washing hands,hVW_DUN9MOI,78,88,train
sweeping floor,hXqpp2nL6Z4,7,17,train
making bed,hYmPxuWZJSY,25,35,train
cooking chicken,hYqcirklzCU,24,34,train
washing hands,hZJdQ7vLW04,4,14,train
making bed,hZS4ACUuXdA,12,22,train
making bed,hZ_N-1mP28Q,27,37,train
cleaning toilet,hZffwdPloNY,0,10,train
sweeping floor,h_CsbTBcVJ4,5,15,train
washing hands,h_bYuWe80UA,106,116,train
folding clothes,hcMXhEfEjdI,276,286,train
cooking chicken,hcjZM4ODjgI,49,59,train
cooking chicken,heROqPYKGdQ,193,203,train
washing dishes,hgE-y1W3VXA,88,98,train
baking cookies,hgJms6BIT6o,58,68,train
mopping floor,hhUrpzE6lZA,146,156,train
cooking chicken,hj1Q70qWLko,129,139,train
cooking chicken,hk707UomuXE,94,104,train
doing laundry,hmSiEBd3bro,76,86,train
washing dishes,hnjP277hiWs,14,24,train
baking cookies,ho7MWzzGhAc,501,511,train
cooking chicken,hpaet6hrE-c,40,50,train
doing laundry,hq2M8hIYtmM,14,24,train
sweeping floor,hrCR1qCrIo8,45,55,train
making bed,hrr5ZkgLVI4,114,124,train
mopping floor,hsMMeoBDHcM,116,126,train
sweeping floor,hsR1S_igbxM,3,13,train
baking cookies,hsjURYHGd7A,71,81,train
cooking chicken,htk6f0YKG_A,0,10,train
washing dishes,hu92TOy1YVE,11,21,train
sweeping floor,hwgKgYhYqX8,3,13,train
making bed,hx2V2BzLb1w,0,10,train
washing dishes,hzTcEH8gnsg,29,39,train
making bed,hzooUrk_3_Q,10,20,train
washing dishes,i--TSGSpIac,49,59,train
cooking chicken,i0GsSk15pG0,157,167,train
washing hands,i1MGW93HCGk,70,80,train
cooking chicken,i1MinG9d1Ek,293,303,train
cooking chicken,i1aacRdU85A,64,74,train
cleaning toilet,i2fGjarN5o8,38,48,train
washing hands,i35iaaPLYx8,1,11,train
doing laundry,i3m0iqmIq2g,1,11,train
sweeping floor,i5j8oomIu0g,45,55,train
baking cookies,i6yBB2Fqxw0,399,409,train
sweeping floor,i6z6qAOVnCc,2,12,train
baking cookies,i8iCCjdTIh8,50,60,train
washing hands,i8ogQG0dNuo,35,45,train
making bed,i8rtS5z9iJU,86,96,train
cooking chicken,i9iBTB9fhAE,270,280,train
washing hands,iARbehaksFA,10,20,train
cooking chicken,iCU3ZJlL_5g,191,201,train
cooking chicken,iFQzwndy1ko,269,279,train
cleaning toilet,iHUNArALVBw,312,322,train
washing hands,iHWDX8dqVRs,59,69,train
washing dishes,iHg5XEctIGA,18,28,train
washing dishes,iIK77Gchc_s,109,119,train
cooking chicken,iJhhCIRvf5A,82,92,train
baking cookies,iJiGHWGr14I,190,200,train
cleaning toilet,iLelIRgjpqU,43,53,train
making bed,iMalvkrwB3k,156,166,train
mopping floor,iMiNbntZMlQ,109,119,train
mopping floor,iN6YnbP8GdU,28,38,train
washing dishes,iO8PQlAFVE8,63,73,train
washing dishes,iOpunYFNLMs,3,13,train
sweeping floor,iPK7GatA8Zg,17,27,train
washing dishes,iPR-ge92pig,104,114,train
washing dishes,iRt9-sxrLFQ,7,17,train
mopping floor,iTAzoUp4oDU,56,66,train
cleaning toilet,iU2DdUhkZCs,51,61,train
washing hands,iU60MI8X8I4,58,68,train
washing dishes,iUTCvFLEQcQ,64,74,train
washing dishes,iUrijF1xmOY,39,49,train
doing laundry,iUzXql_bqq0,80,90,train
baking cookies,iVxBqbRCQtw,47,57,train
washing dishes,iWWkxnX2j2E,113,123,train
cleaning toilet,iYAlPwoXxxg,30,40,train
washing hands,iYg7Mmpt0LE,10,20,train
cooking chicken,iZAZgR4aLqE,647,657,train
baking cookies,iZXIJcHFhjg,219,229,train
cooking chicken,iZclzctVTj4,0,10,train
washing dishes,iZg73P42QVE,435,445,train
baking cookies,i_2CSPyuKlQ,300,310,train
mopping floor,i_tx0WJY6BQ,6,16,train
washing hands,iatZ-lybSbY,12,22,train
sweeping floor,ibBEt5KC6J8,196,206,train
sweeping floor,ibQ6PEHqZPs,35,45,train
washing hands,icbIqhFUdJY,125,135,train
cooking chicken,icrZ_xT21Lo,223,233,train
washing hands,idm9KtehX_Q,25,35,train
baking cookies,idydkLbbdNo,921,931,train
cleaning toilet,ie5B_sAKjPk,8,18,train
baking cookies,ie7L2pMhMis,73,83,train
cleaning toilet,ie8Pubca84E,14,24,train
cleaning toilet,ifFG_fnvIuw,9,19,train
washing hands,ifghYY_6-fs,31,41,train
washing dishes,ig2Q3JbpYCY,65,75,train
folding clothes,igbQzcCOQFg,96,106,train
folding clothes,iiVLcVHkhtA,0,10,train
cleaning toilet,ijnPim1_BH4,187,197,train
washing hands,ik0clRwDipY,0,10,train
washing dishes,iklXkzdKclU,3,13,train
cooking chicken,ikmPrpgWQ5M,144,154,train
sweeping floor,inX3PA3x6go,32,42,train
making bed,ip5eOs8IcMw,2,12,train
sweeping floor,ir2H39LRnwk,3,13,train
mopping floor,irK8UaFlb88,32,42,train
cooking chicken,irPDl20BNus,265,275,train
washing hands,itYgHyIqUzo,19,29,train
washing dishes,iuWJj2WC9cc,13,23,train
folding clothes,iuuSFgjcOM8,19,29,train
washing hands,iuxRPcFy4D0,43,53,train
washing dishes,ivLKjrGF_r4,3,13,train
cooking chicken,ivzAxCKEoqw,134,144,train
doing laundry,iwEcz91u7tQ,15,25,train
sweeping floor,iwk5X9fL_0U,36,46,train
washing dishes,ixUSq1dgptA,11,21,train
baking cookies,iy6wHp8g1gI,7,17,train
baking cookies,iyKeedfee48,72,82,train
washing dishes,iyOTfu4q_LI,29,39,train
folding clothes,iyQHBj_HUBQ,266,276,train
folding clothes,iyqltFTug1I,10,20,train
cooking chicken,iz3dUrKZc0o,191,201,train
mopping floor,izVoISZFeCE,98,108,train
cleaning toilet,izwcu_4byQE,0,10,train
cleaning toilet,j-3T_gKXiX0,50,60,train
making bed,j08arN8v1jM,13,23,train
doing laundry,j1gs9bY8Txk,163,173,train
making bed,j28R51DEVq8,25,35,train
making bed,j3kn3UKNep4,2,12,train
making bed,j3siMgcjJlc,572,582,train
washing dishes,j4_U90nq4Sw,20,30,train
making bed,j4t29DTNLQc,26,36,train
washing dishes,j5WsfJwcmek,86,96,train
folding clothes,j62EDvjYh3Y,0,10,train
baking cookies,j6xKZvEzgmw,248,258,train
folding clothes,j78251MLmW0,15,25,train
making bed,j7nD-S7pIV8,130,140,train
cleaning toilet,j7qqX_8DErA,0,10,train
mopping floor,j8Dlx4_Ch1A,25,35,train
sweeping floor,j8mXkAx5xw8,78,88,train
making bed,j9o3Bsgs5E8,140,150,train
making bed,j9qdhiMFv90,8,18,train
cooking chicken,jBMqzSd3UlM,6,16,train
doing laundry,jDJsTUlJnRo,36,46,train
washing dishes,jEXtqrIh4_Y,2,12,train
cleaning toilet,jHpfjLwZ7_k,117,127,train
doing laundry,jI3plNt24ow,63,73,train
washing dishes,jJHIEsoo_ew,35,45,train
sweeping floor,jKa1GPlbHiU,3,13,train
baking cookies,jMp_LrDCdsg,210,220,train
doing laundry,jNpYp20PQDo,78,88,train
doing laundry,jOx7Qs96uxw,29,39,train
washing dishes,jQU4NYJzxco,17,27,train
sweeping floor,jQwBVCTEH4A,1,11,train
washing dishes,jSfEIRC67VY,77,87,train
cooking chicken,jSh6VJYRV-g,337,347,train
baking cookies,jVLvXC3FlnI,217,227,train
cleaning toilet,jVxiz3GYQmA,19,29,train
washing hands,jW4h4gdHRbM,159,169,train
baking cookies,jXktgHrnZGY,9,19,train
making bed,jYRvLhzXmfc,9,19,train
folding clothes,jZVvHMmusjI,95,105,train
folding clothes,j_Wygq3W_ys,5,15,train
cooking chicken,j_qitLvDu9Y,57,67,train
cooking chicken,jamrs2VF8kE,134,144,train
folding clothes,jbK_klXBMks,7,17,train
doing laundry,jb_h4IvZIHg,58,68,train
sweeping floor,jd5hZ6sC6wU,31,41,train
making bed,jdGFLI1LIno,64,74,train
sweeping floor,jdSJcRkn934,4,14,train
baking cookies,jdcSThXed6I,285,295,train
mopping floor,jeomaldWYgk,14,24,train
sweeping floor,jfnfQL2ZD8U,1,11,train
cooking chicken,jg3iuGg3sK4,68,78,train
folding clothes,jg6H1uNiIBY,79,89,train
mopping floor,jgHYzuDU2Iw,0,10,train
folding clothes,jgs6nhIOjAI,157,167,train
doing laundry,jgt88CZF-co,47,57,train
making bed,jhIuHluFWgQ,45,55,train
washing dishes,jiev6yRmw64,2,12,train
washing hands,jjocz4TGk-w,25,35,train
washing dishes,jkB6mCH5Be0,18,28,train
washing hands,jka24ePK8zQ,39,49,train
baking cookies,jlQ03K9363c,104,114,train
doing laundry,jm9uBd4F8Q4,29,39,train
folding clothes,jmGTNlJX2QY,17,27,train
washing hands,jqymuKw8Uhw,6,16,train
cooking chicken,jrhFefxbing,159,169,train
washing hands,jroRlETVd4I,15,25,train
washing dishes,jrzqQn9TtOc,12,22,train
sweeping floor,js2aLOdCbEw,15,25,train
washing hands,ju8060F1d0w,10,20,train
making bed,jv--6BZC2T0,128,138,train
washing dishes,jv49hKBdv_c,7,17,train
mopping floor,jvryQkxLsnY,10,20,train
cleaning toilet,jwG6DAUQg3E,9,19,train
washing dishes,jwXhXI0qIiM,164,174,train
folding clothes,jy7yAJ524w0,83,93,train
folding clothes,jzOcGxEABAs,33,43,train
cooking chicken,jzOlND5SU5k,302,312,train
mopping floor,k-RM3wVM3ek,37,47,train
washing hands,k-psS55m4GU,3,13,train
doing laundry,k1I4StPcCFk,154,164,train
baking cookies,k1cvxxstwA8,87,97,train
doing laundry,k2-fiCRGFpY,25,35,train
washing dishes,k2JuU0Zz1IU,44,54,train
cooking chicken,k3Hor9zwyG4,201,211,train
washing hands,k3TyPyVvCTw,1,11,train
washing dishes,k59uk_Nh5KU,46,56,train
cooking chicken,k71yZo0nH60,300,310,train
mopping floor,k7K2UuyJf54,20,30,train
cooking chicken,k7PzBWbRoGQ,2,12,train
sweeping floor,k8LJKIWg5PM,0,10,train
mopping floor,kCCV-EItIcQ,4,14,train
washing dishes,kCOn86X-UeI,0,10,train
doing laundry,kCvPedKAs0U,46,56,train
doing laundry,kCyv6z2yar4,2,12,train
washing hands,kEMveCfW0CM,47,57,train
baking cookies,kEUKP5OFbOk,364,374,train
cooking chicken,kEUk24tUH-c,335,345,train
washing dishes,kEZJhn35_UE,29,39,train
washing dishes,kGD4-3qJw7A,66,76,train
baking cookies,kHBwWnA_ZNg,286,296,train
washing hands,kIjuREga5b0,0,10,train
washing dishes,kIuCg0kFX-0,132,142,train
washing dishes,kJnJXWPigUQ,1,11,train
washing dishes,kKXWQE8A130,4,14,train
washing hands,kKa8QV2GAu0,37,47,train
washing hands,kLX5C7Qkqkw,13,23,train
mopping floor,kMQ7-iSdT90,4,14,train
washing hands,kMR2rsMHpsw,22,32,train
washing dishes,kMZyKJwQH20,167,177,train
baking cookies,kMwcAPFDrhU,25,35,train
making bed,kOgfUY2bQCM,390,400,train
cooking chicken,kOqwR71q7GY,44,54,train
sweeping floor,kOuR4Q7Imnw,18,28,train
washing hands,kPMQRzW1qSc,56,66,train
washing hands,kQZ_uPANKcU,33,43,train
doing laundry,kQqmGTYJ7Mw,3,13,train
washing hands,kQsZByJnXqk,2,12,train
cooking chicken,kROfc63kiCA,129,139,train
cooking chicken,kROoQ46RcAA,116,126,train
baking cookies,kS8ma94beRA,193,203,train
folding clothes,kSHG0lNyKcc,474,484,train
washing hands,kWcDWi79nik,0,10,train
mopping floor,kY64AU82csk,6,16,train
mopping floor,kYWXM5OMN1c,32,42,train
cooking chicken,kYmeb-vu2rI,68,78,train
washing hands,kZ37GKL4UYI,65,75,train
baking cookies,kZkzTfq71C0,283,293,train
cooking chicken,k_Fb_1A-5aU,113,123,train
washing hands,k_LrobnjLt4,11,21,train
making bed,kagZvZ1-at8,25,35,train
washing dishes,kbJrk7MiEVs,9,19,train
cleaning toilet,kc6uRhwHJj8,0,10,train
sweeping floor,kcpwoouJC1E,52,62,train
baking cookies,keHoZJf3t2U,247,257,train
folding clothes,kf7G4SNRst0,29,39,train
folding clothes,kfjDuQnwqRs,547,557,train
sweeping floor,kiGiYIYyK6k,90,100,train
washing hands,kijQVFKLoag,38,48,train
folding clothes,kjNuGRWD5bo,23,33,train
washing hands,kjhh60kliDI,17,27,train
sweeping floor,kjsBjfLjsG4,17,27,train
making bed,kjzPbbzeRNM,227,237,train
baking cookies,klGbqd23boM,1,11,train
making bed,klvYiH6pauc,302,312,train
doing laundry,kmon3kWRmiQ,16,26,train
washing hands,kng-VAcdynA,108,118,train
sweeping floor,ko3yeauA3hg,49,59,train
making bed,kp3LpPYQg3Q,3,13,train
cleaning toilet,kpsMUrX39LA,150,160,train
making bed,kqFXvyaf2CQ,7,17,train
washing dishes,kr1bA6OHCwc,43,53,train
washing dishes,kr6RUIvefKY,9,19,train
cleaning toilet,krdTZuHIe4M,3,13,train
baking cookies,kscFcZZG3VU,41,51,train
washing hands,ksp-2ZgddZo,193,203,train
making bed,ktGqXaGZYeM,3,13,train
making bed,ku09PWpNFSw,21,31,train
cleaning toilet,kv4oea66ckc,177,187,train
washing dishes,kvbOSckyOGI,44,54,train
making bed,kwVyN64Q0FQ,60,70,train
cooking chicken,kxEykqOICIA,89,99,train
sweeping floor,kxIKrx2frEw,0,10,train
cooking chicken,l-OB0vPjjOc,182,192,train
making bed,l006tkH7aSI,52,62,train
mopping floor,l0bx55g1eBA,58,68,train
cooking chicken,l0q95wm1I0Y,70,80,train
washing dishes,l2VOU8r2fKw,52,62,train
doing laundry,l4H9_n26C4M,62,72,train
making bed,l4O-Wg2A908,9,19,train
baking cookies,l4WRPw2aG8Q,316,326,train
cooking chicken,l5BKqhknbJE,189,199,train
washing dishes,l6ztTPEHfqc,5,15,train
baking cookies,l7lko6efTjY,154,164,train
mopping floor,l8Kmr__DTdc,6,16,train
baking cookies,l8wssKFdyKo,264,274,train
making bed,l9O9f5ya2ZI,0,10,train
washing dishes,l9gcr4-xHwU,23,33,train
washing dishes,lBt1NSo81Q4,14,24,train
doing laundry,lCZLHNyUiMo,3,13,train
folding clothes,lD1tW2AUB24,51,61,train
making bed,lGXy-ayHCgY,13,23,train
baking cookies,lGcjrx7MEcM,52,62,train
mopping floor,lGjth8xBSzg,18,28,train
sweeping floor,lHnnDZ9xzLc,72,82,train
sweeping floor,lItYAt1ROOI,66,76,train
baking cookies,lIyqTKQ1tiQ,64,74,train
washing hands,lJDWkReIHH0,0,10,train
washing hands,lJFjjhgPuek,33,43,train
mopping floor,lK4wDIb5KpA,0,10,train
folding clothes,lKrIoFOp6Cc,17,27,train
doing laundry,lLQTLQMU4qg,119,129,train
sweeping floor,lLmsT-qVAcY,29,39,train
cleaning toilet,lMuPAmw_W6Y,2,12,train
making bed,lN-7wnc2uFw,283,293,train
making bed,lNAoa7RfHQ8,594,604,train
doing laundry,lNJnSesYEUQ,42,52,train
cooking chicken,lQ2OvNf3sYo,40,50,train
baking cookies,lRC7bF9SYrY,128,138,train
mopping floor,lR_mdshyh-o,5,15,train
baking cookies,lSBzNB-7Uio,80,90,train
cooking chicken,lSxB0FX3tDQ,30,40,train
baking cookies,lT47_b26yuY,6,16,train
washing dishes,lTGK6aTbRys,31,41,train
baking cookies,lU2KmimJ0mQ,735,745,train
making bed,lUGMwAAhOdc,0,10,train
washing hands,lUPcwo9uWTA,1,11,train
baking cookies,lV0osQ0DZ3o,270,280,train
sweeping floor,lWqlrI07ITA,37,47,train
mopping floor,lX2MdMryWJE,0,10,train
baking cookies,lXaBeiY8BkI,173,183,train
doing laundry,lZ7D2TW8tYg,1,11,train
baking cookies,lZRslBHBEJ8,285,295,train
sweeping floor,lZgk6vrs4pI,16,26,train
mopping floor,l_Nh82MKtNk,162,172,train
making bed,lckuXJFGC98,46,56,train
making bed,ld8c1ICYr4A,91,101,train
cooking chicken,ldC_WPV9nVs,294,304,train
cooking chicken,le12xJ86SoI,301,311,train
making bed,le3hEFeHI6s,109,119,train
washing hands,lf8_SApzuVI,22,32,train
washing hands,lg8iULZpXYE,1,11,train
washing hands,lgLtQ37hXbA,89,99,train
baking cookies,ljR7kNEWd8I,197,207,train
doing laundry,lkAUqxzgQco,119,129,train
washing dishes,lkcJe6ZWsWU,48,58,train
folding clothes,lkxXp9n_MTU,42,52,train
washing dishes,llw7h15FXLc,12,22,train
sweeping floor,lmKly9Qk5_A,29,39,train
folding clothes,ln5_cJxs_9g,1754,1764,train
cooking chicken,ln6wUr9f89s,213,223,train
cleaning toilet,lo05tq-A74o,122,132,train
washing dishes,lo2QB_1uPLg,3,13,train
baking cookies,lo4kGmDzyFs,78,88,train
cooking chicken,loIenmTBjAM,114,124,train
sweeping floor,lpPwhG-43ZU,45,55,train
washing hands,lpqeHlR4-cg,40,50,train
washing dishes,lqVxOLchyuM,12,22,train
mopping floor,lqWC5SDLP-Y,57,67,train
washing dishes,lqyikcR0kTg,17,27,train
sweeping floor,lrEwBbamu5A,36,46,train
folding clothes,lrk9XzCUd28,1,11,train
doing laundry,ls19TudtjP8,13,23,train
baking cookies,lsZyPlxuZ6U,12,22,train
washing hands,lspc51UiNWs,87,97,train
baking cookies,lt7M50ZRooI,122,132,train
doing laundry,ltw5NJ3aJP0,6,16,train
washing hands,luiYLW4bpRk,9,19,train
folding clothes,lvyjNMfHSU8,54,64,train
cooking chicken,lyMWIiF2BTI,290,300,train
sweeping floor,lykI1vFm-GY,65,75,train
baking cookies,lykmHnb4mn4,211,221,train
washing hands,lyn0Imxjau0,0,10,train
washing hands,lz87DMx08OI,65,75,train
baking cookies,lzIL5AVgq1k,78,88,train
folding clothes,lzSFUmceitE,11,21,train
washing hands,lzmRloBQ3lM,59,69,train
cooking chicken,m-CUdfMR6nY,70,80,train
washing dishes,m0Z2Phdhds4,4,14,train
folding clothes,m0spdfvxo0Y,50,60,train
doing laundry,m1Tu9JJ07Xg,22,32,train
sweeping floor,m1_EmqMIY28,61,71,train
washing dishes,m2URYKXQunk,17,27,train
cleaning toilet,m3JreYzLy3Q,179,189,train
washing dishes,m3bhJ4nOQmw,39,49,train
sweeping floor,m42rxPi3GPw,88,98,train
cleaning toilet,m5HhsrZObao,3,13,train
washing dishes,m5JBA7ncigY,47,57,train
washing dishes,m5ZcpDHZWd0,61,71,train
cooking chicken,mAcUVl3L2ds,232,242,train
washing dishes,mCqNidmNblI,3,13,train
washing dishes,mDwjiq6XVHo,22,32,train
washing dishes,mEKdaDJZn30,52,62,train
cooking chicken,mGIDFuHBUFM,173,183,train
washing dishes,mGon7CifvMw,55,65,train
mopping floor,mHh81c2wiBU,27,37,train
washing hands,mHqBkiGpUOo,144,154,train
making bed,mI6O6p6Jpck,313,323,train
cooking chicken,mIx4mZuv7hw,185,195,train
cooking chicken,mKN6fji1mJw,287,297,train
cleaning toilet,mLFT9dn79uI,54,64,train
mopping floor,mMhZPyqOhHU,35,45,train
making bed,mO28aqoceqc,56,66,train
washing dishes,mOBImNOJE00,1,11,train
baking cookies,mOURAeYqgQI,100,110,train
washing dishes,mOXeQB7qDHg,40,50,train
sweeping floor,mObXXH4ETVE,10,20,train
washing hands,mP7KfWVA6Lw,55,65,train
making bed,mPNHWEgsCAQ,42,52,train
sweeping floor,mQOHKAeVwVQ,2,12,train
making bed,mSxTggIjWr4,24,34,train
folding clothes,mT5PM9QA2VA,1,11,train
mopping floor,mTMZRxEtDsU,51,61,train
washing dishes,mUr7i5fABII,97,107,train
folding clothes,mW5QlKX4mOw,4,14,train
cooking chicken,mW78soynKHg,2,12,train
baking cookies,mWhsecC8Qe8,7,17,train
making bed,mXmvUANKepA,83,93,train
cooking chicken,mY28sM8ABmM,118,128,train
doing laundry,mZ9GscUVbt0,1,11,train
baking cookies,ma5V79URf0Y,150,160,train
cooking chicken,maMBroddA_w,231,241,train
cooking chicken,mbAGfFiMFF0,203,213,train
baking cookies,meRzwVOnNOc,3,13,train
cooking chicken,meUoytGDmtE,27,37,train
washing dishes,meeGF-1Cn1A,25,35,train
sweeping floor,mf2U4CiVefI,7,17,train
making bed,mhSlsqmati0,60,70,train
making bed,minZOa9otQo,2,12,train
cooking chicken,mkjFCExWPkE,146,156,train
washing dishes,mlIYLnLMreo,23,33,train
cooking chicken,mm6pIb7JYmQ,251,261,train
baking cookies,mmMUw8yGCjA,8,18,train
washing hands,moFy3TAw-8M,77,87,train
washing dishes,mpL8ZdTVciQ,14,24,train
cooking chicken,mqJs9AGhulY,103,113,train
making bed,mryNspf2Dkk,190,200,train
cooking chicken,msARxvR8G00,204,214,train
baking cookies,msKDtTAIVDs,3,13,train
cleaning toilet,msgwv6pyTMg,15,25,train
folding clothes,mt6ZJo5GEvM,71,81,train
doing laundry,mtB9qTTStAs,23,33,train
sweeping floor,mtgLyxC0AFQ,0,10,train
washing dishes,mvEls-mQN10,191,201,train
making bed,mvOR8mw_JNA,52,62,train
folding clothes,mvdTa7uCayc,71,81,train
baking cookies,mvrNGLasuyM,1271,1281,train
washing dishes,mvrtikcTvhc,0,10,train
washing dishes,mwLQcqukSug,85,95,train
washing dishes,mwhuwavEInw,0,10,train
mopping floor,mx1cl1MDFik,38,48,train
baking cookies,myDonGrkuYk,297,307,train
washing hands,mzc8rWUOaY0,51,61,train
baking cookies,mzsb9SXiGF8,13,23,train
baking cookies,n-brnbj1ggY,3,13,train
mopping floor,n02pQ_ppn9g,10,20,train
making bed,n246LCyuSmw,99,109,train
cooking chicken,n3Q6aQvI9GY,177,187,train
baking cookies,n4q_ChG3D4k,20,30,train
baking cookies,n5Ti6iXGLWA,3,13,train
cooking chicken,n5i_jkzvKB8,37,47,train
baking cookies,n7NNc5d2KlQ,596,606,train
washing hands,n7jWuOtZHwA,79,89,train
mopping floor,n9MHjYPzHd8,658,668,train
washing hands,n9_2F9vDxRg,67,77,train
sweeping floor,nBZ4AWXcMyI,34,44,train
washing dishes,nBc10cxRwqc,6,16,train
washing hands,nBkgO81JwD8,3,13,train
cooking chicken,nBnXkIU_xU0,210,220,train
washing dishes,nCG0VFZbBS0,31,41,train
washing hands,nDWABZCon4Y,177,187,train
making bed,nDzxDnlP2Ms,44,54,train
making bed,nF52HsS6H3g,284,294,train
making bed,nFh_m6LG_sA,40,50,train
making bed,nFx0-eBCxmA,4,14,train
baking cookies,nGJDr0Dd_II,165,175,train
doing laundry,nGmX_SVtGSs,110,120,train
washing dishes,nGs4f4yGeIY,330,340,train
mopping floor,nHhyKVqHw2c,0,10,train
washing dishes,nIS_tSnLMQQ,45,55,train
folding clothes,nJAYRXjZoMY,76,86,train
baking cookies,nK0AFERGH0w,30,40,train
cooking chicken,nKC0vCDSfH8,263,273,train
washing dishes,nKGzQ9-Eb9U,18,28,train
making bed,nKVTa1J3uvE,1,11,train
cooking chicken,nM56Tipz8lY,270,280,train
washing dishes,nMZiizt5wDg,80,90,train
cleaning toilet,nMabVoErTuU,72,82,train
cleaning toilet,nMfgjvTDMew,2,12,train
doing laundry,nNBJ2uGhVZE,4,14,train
washing hands,nOceXsRIdGM,290,300,train
washing hands,nOmfAJj26NU,32,42,train
cleaning toilet,nOrg3sn7kIQ,86,96,train
washing dishes,nQgmUkyblgc,22,32,train
cooking chicken,nQrPJ_wdVPY,361,371,train
washing hands,nQyYni2gGlI,5,15,train
cooking chicken,nT37iGhfozk,230,240,train
washing dishes,nTMLeVignkM,5,15,train
cooking chicken,nTsTmiR-cJc,4,14,train
washing dishes,nTtNi1YlyWQ,34,44,train
washing dishes,nUo2ArBhUSs,24,34,train
making bed,nV3jKWhurWU,28,38,train
doing laundry,nVkFAlHbfHw,52,62,train
washing dishes,nWvX4MR63Ac,31,41,train
washing dishes,nY-d6hD6VbU,5,15,train
folding clothes,nZDNZrLdJlQ,149,159,train
washing dishes,nbHBjdE8oNo,15,25,train
washing dishes,nbPx_w4Kkkw,4,14,train
washing dishes,nbe9VyLLQPE,3,13,train
baking cookies,nbiuPYwqfOI,273,283,train
baking cookies,nbmLaO_6rcU,264,274,train
washing dishes,ncv3b55czfQ,89,99,train
making bed,ndbfRMOj7dY,86,96,train
mopping floor,nePGbkqWGes,59,69,train
mopping floor,nhB4NhjzutE,1,11,train
sweeping floor,nhDI8XP6d2A,6,16,train
cooking chicken,ni8P_IjdfsY,35,45,train
washing dishes,nj--bjFYG2o,20,30,train
baking cookies,njxWs7SUClA,45,55,train
mopping floor,nl3Ax1Aey_o,185,195,train
baking cookies,nm0bSH98Whc,819,829,train
cleaning toilet,nmaDR8A8-WA,43,53,train
cleaning toilet,nmrrI4xcu2I,22,32,train
washing dishes,nn8aT-jpGGw,157,167,train
washing dishes,nnEiXjB6EJQ,44,54,train
baking cookies,nni9ti6OyZY,12,22,train
washing dishes,nnqt_2OLie0,143,153,train
washing dishes,nohCw0EZPhY,2,12,train
folding clothes,nq3-P88ogdA,31,41,train
making bed,nrViTEw_kJQ,541,551,train
doing laundry,nrb3xAJUXv4,36,46,train
washing dishes,ns4N3fp9oWA,87,97,train
sweeping floor,nsK1S-asBGQ,37,47,train
cleaning toilet,nt8CdgC2OTM,3,13,train
cooking chicken,ntYDtL7KDQo,589,599,train
cooking chicken,nvfRs3xKezg,129,139,train
cooking chicken,nwn7bsA2GAc,312,322,train
baking cookies,nx8EqGZCYQ4,81,91,train
washing dishes,nyVnAfxzeAQ,3,13,train
cleaning toilet,nyqV0Pi2L3g,194,204,train
washing dishes,nzkKaqy4_ls,3,13,train
cleaning toilet,o0WIXGyPT_E,10,20,train
folding clothes,o2RqOFg2eTc,14,24,train
making bed,o2q8QAbV5rQ,568,578,train
cooking chicken,o35YXK-XA-w,133,143,train
mopping floor,o3Q5uMGPZEw,391,401,train
cleaning toilet,o3_W0UQM9Z0,128,138,train
baking cookies,o43HV7ktKx8,41,51,train
cleaning toilet,o47TsyVcHhU,43,53,train
sweeping floor,o4BiOvchjlM,4,14,train
baking cookies,o4NY6cimbNE,98,108,train
baking cookies,o6-A55TEwt4,183,193,train
cleaning toilet,o6Bm0tUppDo,77,87,train
making bed,o6k7h9HLMwg,26,36,train
washing hands,o6seQ3Fdr3o,6,16,train
cooking chicken,oAHTYQDN9_Q,299,309,train
washing dishes,oBB9QCHSmQU,16,26,train
washing dishes,oCb5pI8JDc0,45,55,train
cooking chicken,oE3BdFSw8bU,108,118,train
folding clothes,oFO-1GfSe7s,12,22,train
mopping floor,oGM4AKMVajw,0,10,train
mopping floor,oGWzXJsifRg,11,21,train
doing laundry,oGosqw976xQ,38,48,train
cooking chicken,oGuidq-UYuc,112,122,train
folding clothes,oI99Ndd3tEk,128,138,train
cleaning toilet,oIPOMg6W3iI,3,13,train
washing dishes,oIszCk0FvFo,13,23,train
cleaning toilet,oIyMWku2000,62,72,train
mopping floor,oJW3bLeSSe0,88,98,train
folding clothes,oJdVy0VoZIE,4,14,train
washing hands,oJntMJxPEmU,7,17,train
making bed,oJugpYIoiCE,230,240,train
washing hands,oKG2028eh0g,4,14,train
folding clothes,oKgHEz05lqw,259,269,train
washing dishes,oKxaMe6sJY4,85,95,train
washing hands,oL-fqNLqs6k,9,19,train
washing dishes,oMHGNaZjuwc,10,20,train
cooking chicken,oNh45vq-JiI,20,30,train
folding clothes,oPHA1z1Sj-Q,2,12,train
cooking chicken,oQK5e-mgRj0,263,273,train
cooking chicken,oSSBVutHh2Y,231,241,train
doing laundry,oTCy-HBb464,84,94,train
folding clothes,oTUGOzddoew,11,21,train
washing hands,oThfmfBvwfY,33,43,train
doing laundry,oUQvOpXUZp4,33,43,train
baking cookies,oUaHin4CHBA,18,28,train
washing dishes,oUeQU-Ls23E,70,80,train
washing dishes,oUnMHFWYC1M,28,38,train
doing laundry,oVTYT9_284k,22,32,train
making bed,oWcVcSVIagA,52,62,train
sweeping floor,oYNt73V1BXY,1,11,train
cooking chicken,oYUX_0XtJsM,531,541,train
cooking chicken,oZHfvqcktSk,788,798,train
folding clothes,obJDuIcBT3Y,29,39,train
making bed,ocMsg2DHjIA,34,44,train
mopping floor,ocqA8N4C-QU,5,15,train
baking cookies,odDGHQ14gAI,23,33,train
washing dishes,odQq7-fcJOM,26,36,train
mopping floor,oeGJY7SOMJQ,34,44,train
mopping floor,oexoQ18Nlms,4,14,train
cooking chicken,ogpyKjxxUnM,42,52,train
baking cookies,ohXo6eucH6g,144,154,train
washing hands,ojCBXewymmo,29,39,train
cooking chicken,ojKScWI5M0g,499,509,train
sweeping floor,ojzWjibhqJE,27,37,train
making bed,okrhaW5PuAU,48,58,train
washing hands,ol3M1Cyh53k,5,15,train
baking cookies,olpwEciOUeo,119,129,train
cooking chicken,olykg1KFyVA,30,40,train
cooking chicken,onXWwmUiec8,51,61,train
folding clothes,ooRmOtIk6Gc,224,234,train
washing dishes,oosCF-DXVTs,15,25,train
folding clothes,opC1wHBTh48,1,11,train
cooking chicken,oq3-BCxxXYo,142,152,train
washing hands,orwnxijWUDc,29,39,train
washing dishes,osareSiyf2A,115,125,train
making bed,otE5naIi4gQ,108,118,train
sweeping floor,ota1zpL5iS0,5,15,train
cooking chicken,owAy2tKHWg0,259,269,train
washing dishes,owJxGoT0eLA,36,46,train
washing hands,oxkwB5oRkmo,3,13,train
making bed,oyHqdh22DZ8,4,14,train
mopping floor,oy_EWv6HxWg,27,37,train
sweeping floor,oypmtEFYCd0,2,12,train
folding clothes,p-x9FbwlBew,36,46,train
cooking chicken,p-zMBd6ylpI,79,89,train
washing dishes,p0X7UZOWv40,19,29,train
washing hands,p0zwq7cvDxo,4,14,train
folding clothes,p1GCF1RSadM,42,52,train
cleaning toilet,p2QYdD0w5F0,109,119,train
mopping floor,p2fS1xJrWtk,54,64,train
washing hands,p2usJHNp28c,45,55,train
sweeping floor,p3Lz0oQk5DQ,171,181,train
sweeping floor,p3efVSvjSV4,34,44,train
doing laundry,p4V33yiS1Qs,434,444,train
baking cookies,p4lj2XagYmw,197,207,train
cooking chicken,p6aB-it-AEg,163,173,train
baking cookies,p8SSjQVhRCc,504,514,train
washing hands,p8a0bt32k-w,65,75,train
folding clothes,p8qedPWj6R8,3,13,train
cooking chicken,p9VRn_B5cZA,44,54,train
mopping floor,pAaNwMhvkGA,233,243,train
making bed,pAmjxODFSbA,317,327,train
washing dishes,pB7gMF80-bo,3,13,train
mopping floor,pCQ-JEBhrZY,2,12,train
mopping floor,pC_grYUvzFw,64,74,train
baking cookies,pCa_jNkyBGc,10,20,train
folding clothes,pDgAGlxlhQo,28,38,train
making bed,pEX6K06xCwQ,58,68,train
washing dishes,pFkXwqQuTsE,5,15,train
washing hands,pH489Ea_FEQ,52,62,train
sweeping floor,pH9JcdbkBVg,105,115,train
baking cookies,pHNtiLdnX9Q,134,144,train
making bed,pHvni2O3fWs,400,410,train
washing hands,pITy_x-UyrE,230,240,train
baking cookies,pJdGyMYLJ1g,38,48,train
baking cookies,pKAkazfIXFw,194,204,train
sweeping floor,pKa3zGIAjDc,24,34,train
cooking chicken,pMasQn95fvc,244,254,train
baking cookies,pOVrvabHBI8,0,10,train
cleaning toilet,pOh_jvjTLvo,11,21,train
baking cookies,pQEwWC70dJQ,96,106,train
cooking chicken,pQQ2w_UTKCs,355,365,train
washing hands,pQQ_OoiIHQE,95,105,train
washing dishes,pR-nrAsfzNI,17,27,train
making bed,pSAgzlZteEM,463,473,train
doing laundry,pSWAY7X2KIg,269,279,train
washing dishes,pTq8mTxalqY,31,41,train
cooking chicken,pUDbCf9qi6M,247,257,train
washing dishes,pWkjKr6f-6Y,46,56,train
washing hands,pXDJRgXJVSs,43,53,train
cooking chicken,pXORLEeTpNc,14,24,train
sweeping floor,pXQQEdTvYzk,16,26,train
washing dishes,pXeN-pBSG_0,3,13,train
washing hands,pXtrfohkKH0,201,211,train
washing hands,pY-6rj8u2Og,41,51,train
baking cookies,pY-Q3UQnzgw,0,10,train
cooking chicken,pZO8fGW9VuE,60,70,train
cleaning toilet,p_oZOolw8vQ,102,112,train
washing hands,p_wvxny4I9w,15,25,train
cleaning toilet,p_xu1hNeW7Y,74,84,train
doing laundry,p_xvuTsny7Q,78,88,train
folding clothes,paSRsbluWlU,16,26,train
cooking chicken,pc9_x0J1mQ0,168,178,train
sweeping floor,pcPjEX5Nvjg,53,63,train
washing dishes,pci7TNf9V28,52,62,train
washing hands,pdBrKmiIDPU,43,53,train
washing dishes,peLYyHaWlBg,16,26,train
washing dishes,phWHPhEKAR4,95,105,train
sweeping floor,pjIm06i0xxI,8,18,train
sweeping floor,pl1ncVR2CfI,0,10,train
washing hands,plrIZ_neg3E,14,24,train
cleaning toilet,pmZZ6aZZ3nw,41,51,train
washing dishes,ppNAUUwO6yA,14,24,train
washing dishes,prdLHu4ece8,2,12,train
washing hands,psSECGDa818,17,27,train
baking cookies,pt1cxv3U94k,651,661,train
baking cookies,pto4HoAw1XM,533,543,train
cleaning toilet,pu3ET008f88,11,21,train
mopping floor,punPZTuiqFk,16,26,train
washing dishes,pvcjKxbCudI,22,32,train
making bed,pwYKEpvkKhw,91,101,train
folding clothes,pxH_4BCEVCw,70,80,train
making bed,px_nqNBl_g0,28,38,train
sweeping floor,pxhOG6Sff14,139,149,train
sweeping floor,pyDCB1cNB4c,0,10,train
washing hands,pyxBqXduPYg,2,12,train
folding clothes,pzUjSp3nbLI,1,11,train
washing dishes,q0A6cdGetG4,6,16,train
making bed,q2-Zp4FlqDY,193,203,train
making bed,q5Bp0WTNcQQ,112,122,train
cleaning toilet,q6AtlLpzxWc,55,65,train
washing dishes,q6ohewlasuo,0,10,train
making bed,q80TfxA4-Eg,13,23,train
washing hands,q8IPOVnGEMs,1,11,train
cooking chicken,q8RA2MfAx3Q,432,442,train
washing dishes,q9a4qMlQMr4,96,106,train
sweeping floor,qA-hFkkprIw,10,20,train
cleaning toilet,qA85UyB-PkE,66,76,train
sweeping floor,qAZ_SeGajXw,2,12,train
washing dishes,qBVECNhhrV4,1,11,train
doing laundry,qC_fX6fZk68,1,11,train
sweeping floor,qDvOC1Qw1u8,25,35,train
mopping floor,qF5pjpa1IB4,135,145,train
washing hands,qG4fNyJ3VTA,43,53,train
cooking chicken,qH98vZq-h18,178,188,train
cooking chicken,qJFCKv2RPRk,26,36,train
cleaning toilet,qJuRWla2TK4,132,142,train
sweeping floor,qMU8X5hgML8,48,58,train
baking cookies,qMVu3u6Yccw,610,620,train
washing hands,qPb9XGdr4kY,0,10,train
baking cookies,qQBLiwKcL7k,181,191,train
washing hands,qTNsBXGDPdk,15,25,train
washing hands,qTQ3lTNW8R4,5,15,train
doing laundry,qTcqm3NUDrs,34,44,train
folding clothes,qVkY7sJj6Xk,121,131,train
making bed,qWJK5y1YZqE,91,101,train
washing dishes,qWarQFCJ--A,1,11,train
baking cookies,qYGoP6WpEB8,226,236,train
washing dishes,qZIiris7Mjo,15,25,train
baking cookies,qa_UaV-0Afw,17,27,train
cleaning toilet,qazIPQ1Jo0g,18,28,train
making bed,qdGL8Jpu4VE,48,58,train
mopping floor,qdb6cRqc54g,64,74,train
washing dishes,qddGMCplL2o,347,357,train
sweeping floor,qddsOhmtceU,13,23,train
baking cookies,qdyOedb4sVQ,9,19,train
making bed,qfVvqiccVGs,9,19,train
folding clothes,qfvDNvDMdlA,109,119,train
folding clothes,qgm0max5ig0,37,47,train
cooking chicken,qgnNBfR7LhM,208,218,train
making bed,qhDB1o_WrcQ,3,13,train
making bed,qhQTOOlBTto,474,484,train
sweeping floor,qhVfW-oDXME,37,47,train
sweeping floor,qhjrXLHJPrI,2,12,train
cleaning toilet,qiIHo6YsZU8,32,42,train
washing hands,qiMb7qCFD8M,1,11,train
washing hands,qiuAJy4QbiE,52,62,train
folding clothes,qixbPgptWsA,0,10,train
washing hands,qk6v2stfs6U,5,15,train
folding clothes,qkGTu-4IPpg,3,13,train
making bed,qkJeNXlS2Po,99,109,train
washing dishes,qkOSycin3X0,60,70,train
folding clothes,qkQMv_aKLE4,17,27,train
washing dishes,ql4uunMnW6o,15,25,train
washing hands,qlD6v6t0fYk,24,34,train
washing hands,qlnkFPX5m_Y,91,101,train
doing laundry,qmXrz1eQkAQ,36,46,train
making bed,qo3vh3eDxgY,50,60,train
cooking chicken,qoOntNwuUo8,109,119,train
mopping floor,qodwUpd5QGI,35,45,train
washing dishes,qqVZR8hiAzU,86,96,train
cooking chicken,qrWFJ9oh1Dk,598,608,train
sweeping floor,qrZFztT8uis,22,32,train
sweeping floor,qrughqoeyAU,2,12,train
cleaning toilet,qsw186Pz_lc,42,52,train
mopping floor,qt-tUpKtFq4,2,12,train
washing hands,qt9V7P5Pd0w,16,26,train
mopping floor,qtRKoN5_dLM,39,49,train
folding clothes,qv72AaMdrmY,21,31,train
folding clothes,qxaMQg7QAPs,44,54,train
baking cookies,qyTDZajMSqQ,69,79,train
mopping floor,r-nPLO3vHfU,0,10,train
baking cookies,r0lUmnNVugc,105,115,train
folding clothes,r16c4P_bA0c,9,19,train
washing dishes,r3hI1fuwWKM,21,31,train
sweeping floor,r3z7XjwrTuU,45,55,train
washing hands,r4QO0pL9Nrs,3,13,train
washing dishes,r5GblF1kzuc,76,86,train
mopping floor,r5IBilgXnUo,101,111,train
doing laundry,r6xL6sgBkUk,11,21,train
washing dishes,r77cmAALAF0,11,21,train
baking cookies,r9YmcA13hFE,154,164,train
washing hands,rCa09S66_pk,20,30,train
cooking chicken,rD8-NARaKIk,65,75,train
cleaning toilet,rDH2aukRdls,672,682,train
making bed,rDrJvoqEIsk,1,11,train
cooking chicken,rE1vTG1RKlA,126,136,train
washing hands,rFTVKkMqpIQ,50,60,train
cleaning toilet,rGbeqooPpS8,1,11,train
cooking chicken,rHLwqiMuhwY,101,111,train
sweeping floor,rJQgHUqWbSw,3,13,train
cleaning toilet,rKxV5nrW2YE,14,24,train
washing dishes,rLqyFZBYlD4,355,365,train
cooking chicken,rMhCtggH5HU,250,260,train
making bed,rMzwIFaAwCs,91,101,train
mopping floor,rNARLFXnU14,46,56,train
washing dishes,rNWEnpkjUjU,2,12,train
making bed,rRRoilNX-tQ,70,80,train
baking cookies,rRahjXeAyvs,156,166,train
cooking chicken,rTLPRaeh0Hg,4,14,train
washing dishes,rUANGr4sQlY,48,58,train
washing hands,rUK2niSRYmU,44,54,train
sweeping floor,rVFGbw_jGEc,13,23,train
mopping floor,rWHm1-o_zL0,100,110,train
cooking chicken,rWXpS8QSwWc,20,30,train
baking cookies,rXMkcB3mPv8,17,27,train
cooking chicken,rYy79y1IIPg,166,176,train
cooking chicken,rZltyNW_eUA,15,25,train
making bed,raGVUF4HILU,5,15,train
folding clothes,raS2lkP3nLQ,1,11,train
washing dishes,rbgVfqyXDG8,0,10,train
baking cookies,rcFRF6BQfkY,379,389,train
baking cookies,ressJfi_fAM,202,212,train
washing dishes,rey0HFtoeUQ,0,10,train
making bed,rf5qELHsUoU,293,303,train
mopping floor,rfrySD7vitg,67,77,train
cooking chicken,rg6SDlLnCZE,300,310,train
folding clothes,rhcP-NBsW4s,851,861,train
washing hands,riEvdIyYahk,50,60,train
cooking chicken,rliwnJrXI1Q,286,296,train
folding clothes,rn9yqdq3aHo,133,143,train
sweeping floor,rnUaiRQQERY,3,13,train
folding clothes,rnd2quZhz5c,1,11,train
cleaning toilet,roE67_TpvdM,19,29,train
folding clothes,roH2eDpIYWA,83,93,train
baking cookies,roTIeCtx94Q,75,85,train
cleaning toilet,rokovr2P3Jc,6,16,train
folding clothes,rsPfGMhuZlA,6,16,train
cooking chicken,rsbiVSVKp_U,101,111,train
washing hands,ruo3sSLAFaY,3,13,train
mopping floor,rwZhZ6uwih0,36,46,train
cooking chicken,rx0GJmePUK4,71,81,train
washing dishes,rx14ohnYGYM,63,73,train
cooking chicken,rxXjX_SRNsY,11,21,train
washing dishes,rxqsUuhtlvE,18,28,train
washing dishes,rzmOI7fTALY,120,130,train
washing dishes,s0IV7K7QT2Y,14,24,train
cooking chicken,s0jPg5JHPU4,139,149,train
cooking chicken,s1spJQTVtyw,88,98,train
baking cookies,s4A52ZqG0_0,4,14,train
baking cookies,s71wdhTse5M,106,116,train
cooking chicken,s7JvcNaUwv0,36,46,train
folding clothes,s8Gd8_WLdW0,138,148,train
making bed,s9HxGX8cw6I,308,318,train
cooking chicken,sA4SGe812gg,30,40,train
washing hands,sC25sXB2DC4,6,16,train
washing dishes,sDGmPU9GgPU,93,103,train
washing dishes,sDIA1DYL5s0,0,10,train
sweeping floor,sDbtR4-xAXU,131,141,train
washing dishes,sDgBQ6Octn8,233,243,train
cooking chicken,sDgarLwZ-NE,95,105,train
cleaning toilet,sF3H4C1vhWE,175,185,train
cleaning toilet,sGmD1FyUOAw,0,10,train
washing dishes,sI16kZBBO3M,22,32,train
baking cookies,sICokbI2xVk,154,164,train
cleaning toilet,sJMZz_GhjrI,23,33,train
cooking chicken,sMYgiWy_2gw,1,11,train
washing dishes,sMrYQuk6V7Y,8,18,train
baking cookies,sMtNPtNneAw,36,46,train
sweeping floor,sNuUJUK-gms,1,11,train
doing laundry,sOasrb0nir4,13,23,train
sweeping floor,sOh9wW8z0Cg,13,23,train
sweeping floor,sPf4ZH474AM,26,36,train
cooking chicken,sPtOZkXV24w,85,95,train
cleaning toilet,sPuWE2Ia1_w,8,18,train
cooking chicken,sQTUQhODxWc,307,317,train
sweeping floor,sRSrOp45O7g,0,10,train
sweeping floor,sSWkMBTGm24,106,116,train
washing hands,sT9dliuxOJE,51,61,train
making bed,sTlBPOkR0CY,27,37,train
washing hands,sWvpUAnKhQI,56,66,train
washing dishes,sX5b-gs4shQ,47,57,train
cooking chicken,sX_B7NPyDFo,108,118,train
baking cookies,sZaQlVO9TD0,25,35,train
baking cookies,s_HrQjyKQOk,1,11,train
folding clothes,s_MxJoZm8Qc,444,454,train
folding clothes,saeVX-SYvRg,3,13,train
mopping floor,sbbHMPxNezw,9,19,train
making bed,sds5OGzQ0LQ,138,148,train
doing laundry,seq2pfFC2nA,265,275,train
sweeping floor,sevt4jy5rvA,9,19,train
washing dishes,sfE-PYgYfqQ,20,30,train
washing hands,sh2j4vA1cHQ,18,28,train
baking cookies,shuR2FB5AJU,13,23,train
doing laundry,siJ3bEGPLNs,0,10,train
washing dishes,siWb8tujKB0,21,31,train
cooking chicken,siYbsVdKOo8,121,131,train
baking cookies,sk1JByNWBsY,2,12,train
sweeping floor,sk_1UWe_Lg0,9,19,train
sweeping floor,sm6GRrVu-0Q,5,15,train
cooking chicken,smSf6bWwlmc,782,792,train
cleaning toilet,smTnBs_Z_go,3,13,train
folding clothes,smW6q26brtM,497,507,train
washing dishes,snNoRqqYj1o,62,72,train
folding clothes,so93nqxZLjM,10,20,train
washing dishes,soHp3x8urb0,0,10,train
washing dishes,soK83cNKMTQ,71,81,train
washing dishes,sobsQUAYICI,49,59,train
cooking chicken,spaqb6PAnrM,3,13,train
washing dishes,sriYW1Q-k6U,93,103,train
washing hands,ssEyI5Fx2k4,4,14,train
folding clothes,ss_XRZDkzAU,307,317,train
cooking chicken,ssae_diDBJc,115,125,train
doing laundry,st4dTB7VRkA,17,27,train
washing dishes,suKUFK4JSp4,2,12,train
mopping floor,suYhMcliVu4,23,33,train
cooking chicken,t-uyM6R5rFI,44,54,train
cooking chicken,t-xEQsdLDrw,615,625,train
washing dishes,t07WzVz5P2o,9,19,train
cooking chicken,t09p_i3WCag,260,270,train
washing dishes,t0HzD_HD2lE,5,15,train
cleaning toilet,t5npPd38irk,36,46,train
folding clothes,t6rhfFJZVhY,289,299,train
washing dishes,t7MQucqX3II,74,84,train
cooking chicken,t7QH74pCZSs,144,154,train
washing dishes,tAFO9Y-BjpY,19,29,train
cleaning toilet,tAmkLRLpXMA,19,29,train
doing laundry,tCAhP0YI5ZA,53,63,train
sweeping floor,tCzywOy3DLc,31,41,train
sweeping floor,tD5NfQKcRXY,35,45,train
making bed,tE7qG-22Me4,64,74,train
washing dishes,tEo-7BlyuJg,13,23,train
baking cookies,tG6FOLKEdyg,112,122,train
making bed,tGNLKpZTnok,51,61,train
mopping floor,tGtMkhA6QcY,25,35,train
washing dishes,tHP7zBa1ul0,133,143,train
mopping floor,tLUq1YDP8cQ,1,11,train
folding clothes,tNBFQKAmh70,33,43,train
washing hands,tNkLguibYOk,110,120,train
cooking chicken,tNsYfPQBJDU,145,155,train
sweeping floor,tOHuFrx_iSQ,160,170,train
making bed,tOnso5qI_E4,259,269,train
sweeping floor,tOwFHf_mHm8,38,48,train
cleaning toilet,tP7MUvW5agk,88,98,train
folding clothes,tPgeclF_2Qs,157,167,train
cooking chicken,tPwsA2Sb6Ec,240,250,train
making bed,tRByQfYkV1A,98,108,train
sweeping floor,tScMyddceHI,4,14,train
cooking chicken,tSdM-MlogpQ,33,43,train
washing dishes,tT2UL6gXse4,6,16,train
sweeping floor,tTjsR7KLnIE,186,196,train
washing hands,tTkO2ThyObI,56,66,train
baking cookies,tWx6WdoNI6g,321,331,train
mopping floor,tY1uXVEy9EA,179,189,train
folding clothes,tZwrSbw9eH0,114,124,train
making bed,t__1BeJSKyA,62,72,train
washing dishes,td0CZyHQETM,67,77,train
doing laundry,tdP0p-ThnLk,38,48,train
washing hands,tdVtZrJz0v4,84,94,train
doing laundry,tfh1qm_VT8w,2,12,train
mopping floor,tg0ZyE2rrBk,143,153,train
washing dishes,tgQ4rsUlvxU,4,14,train
sweeping floor,tgWJZ6WJHvM,4,14,train
folding clothes,tglp9eWQEhY,66,76,train
making bed,thzwfRWiOek,2,12,train
cleaning toilet,tiUHQSkZHnI,27,37,train
cleaning toilet,tlZPg7q9CUU,0,10,train
baking cookies,tmWc2YI0P7o,157,167,train
mopping floor,to2djuI7WqE,1,11,train
folding clothes,togFx19LE1U,106,116,train
making bed,tpp6zr8SVfQ,4,14,train
cleaning toilet,tpzW9QjdtGs,272,282,train
making bed,tqykbY0AV_Y,32,42,train
doing laundry,trKIgVkj4Hw,0,10,train
making bed,ts8xpz5Gfnc,171,181,train
folding clothes,ttVd7s_oUcQ,25,35,train
making bed,tusV_LD-Y0c,58,68,train
sweeping floor,txNdnPCBep0,29,39,train
washing dishes,txdKAqiGObg,38,48,train
doing laundry,tymB0p5GAbE,69,79,train
washing dishes,tyxBkl26WEc,7,17,train
sweeping floor,tzEeBnAq5CI,6,16,train
cleaning toilet,tzyUqPiQt8A,50,60,train
folding clothes,u1xNy9Rbeps,15,25,train
washing hands,u2xkdM0OmMw,32,42,train
washing hands,u33SHy4cjH8,23,33,train
baking cookies,u3Oc9rcwtac,12,22,train
sweeping floor,u47mttIYMxs,2,12,train
folding clothes,u4JRK39BieA,51,61,train
washing hands,u4W6_1JGPb8,50,60,train
mopping floor,u5ZK-3Wql3Y,72,82,train
washing dishes,u6Y2VIKdNDM,102,112,train
folding clothes,u6n3lq3PhAU,87,97,train
folding clothes,u7_op3WzuvU,18,28,train
washing dishes,u8Ic7itJtWI,3,13,train
washing hands,u8dNILJh4gA,34,44,train
cooking chicken,u9GT9rhxn8Y,131,141,train
washing hands,u9x8LqdI83U,5,15,train
cooking chicken,uCWrWxwM4tw,377,387,train
baking cookies,uDlyfvy0NOs,27,37,train
washing hands,uEJJOsaaMt8,108,118,train
cleaning toilet,uEx9-fjtGkE,394,404,train
washing dishes,uFWIq9r6iBU,36,46,train
cooking chicken,uFrbuzqn0RI,75,85,train
washing dishes,uHGL4gFYmRU,37,47,train
making bed,uHdDMhVxYQ8,58,68,train
cooking chicken,uI2ANreTjsY,245,255,train
mopping floor,uIiBoRp87uA,120,130,train
cleaning toilet,uJ6Z42uaed0,20,30,train
washing hands,uJ8N3TT5i3Y,81,91,train
washing dishes,uJHVhhJ-9IQ,21,31,train
cooking chicken,uJIA-FeEOzM,52,62,train
making bed,uK3EbvpiwMw,378,388,train
baking cookies,uKVHPSvjTKQ,321,331,train
baking cookies,uK_u2iGtZbM,98,108,train
washing dishes,uM5TUPAqzp4,371,381,train
baking cookies,uNclRxGTZpQ,0,10,train
baking cookies,uOCwyhl4chg,689,699,train
washing hands,uPlTtYxskyg,266,276,train
baking cookies,uQLtdaejrq0,52,62,train
sweeping floor,uQQ6Lz6-r7o,153,163,train
washing hands,uRhvuuwqji4,60,70,train
cleaning toilet,uSRkYARuLA8,369,379,train
washing dishes,uSyghtb7d8E,3,13,train
cleaning toilet,uV643pUPoAs,1,11,train
washing dishes,uVuDEd-lBLk,52,62,train
baking cookies,uVuuy7HtxqQ,7,17,train
cleaning toilet,uXvJ22oKrdk,23,33,train
folding clothes,uYNYlJmvklY,9,19,train
cooking chicken,uZDXFZ6L3fM,11,21,train
washing hands,u_rZQ8m35Ic,113,123,train
sweeping floor,ubKt7l1Jf6I,18,28,train
sweeping floor,uba2ApGWvec,3,13,train
washing hands,ucFsrMutVN8,60,70,train
mopping floor,ueUZC4NYzUU,13,23,train
cooking chicken,ufkC2s_5mO8,62,72,train
cooking chicken,ugzPd34tDqU,11,21,train
washing dishes,uh18TsXxZck,7,17,train
washing hands,uh62nWPXHcU,12,22,train
making bed,ujle6wHCtjQ,287,297,train
cooking chicken,ukEpzOiS2ic,16,26,train
making bed,ulgI0VQc108,27,37,train
making bed,um9VcHg0VHY,140,150,train
cooking chicken,un3Xk6gxXto,272,282,train
washing dishes,uoOTgnGgvQM,64,74,train
washing dishes,upUXktWyfnI,133,143,train
mopping floor,uq-Gn0Gh_CU,4,14,train
mopping floor,uqPU5hSX9a8,12,22,train
washing dishes,ur5aqt49rPQ,65,75,train
cleaning toilet,urCA_IVyOzI,26,36,train
washing hands,urkUcc9PAJI,1,11,train
cooking chicken,us29WuRjlgA,11,21,train
cleaning toilet,usTkqIwvcww,15,25,train
cooking chicken,utDw4sn8ETQ,213,223,train
folding clothes,uujeGzvb-6g,27,37,train
sweeping floor,uvB53Lh7wMg,36,46,train
folding clothes,uvHfOHRVqIY,18,28,train
mopping floor,uys6G3PRi54,27,37,train
folding clothes,uz6rjbw0ZA0,46,56,train
mopping floor,v1Iv-ySc2LM,6,16,train
washing hands,v28eA50ewcg,1,11,train
washing dishes,v2eqIlJaHeA,36,46,train
folding clothes,v2gSq3TVLig,40,50,train
mopping floor,v3whX6ZFjOE,37,47,train
cooking chicken,v5G2CAUXzA8,152,162,train
doing laundry,v5SS5uAhocI,18,28,train
washing dishes,v5tyGvswySI,160,170,train
making bed,v6vCXyrhdb4,51,61,train
washing hands,v7iuiiWljgo,64,74,train
mopping floor,vApO5uKAiqk,1,11,train
baking cookies,vBAxwHHaUtc,33,43,train
doing laundry,vCWAWrcuNs4,52,62,train
folding clothes,vCqiYkzyOt8,9,19,train
washing dishes,vCxeTMFBi7o,71,81,train
cooking chicken,vDreJx6mGOg,92,102,train
cooking chicken,vELljGFwbBI,550,560,train
cleaning toilet,vElb0dTOmbY,1,11,train
washing hands,vFSuGC-luQQ,445,455,train
making bed,vFix3L9ZiWQ,39,49,train
cooking chicken,vH-Lva-DW90,68,78,train
mopping floor,vH1vc5O1JMY,10,20,train
cleaning toilet,vH4yFoe6uw0,0,10,train
washing dishes,vHXtOb_J9KM,6,16,train
washing dishes,vIOuBwMaYgE,3,13,train
doing laundry,vJkO-pQ3njo,27,37,train
baking cookies,vKclOIReV5w,947,957,train
cooking chicken,vKehV3Pv1Es,83,93,train
cooking chicken,vKtBGgDdUMo,159,169,train
baking cookies,vLutA4k0Oew,400,410,train
sweeping floor,vMH4elJy2LA,41,51,train
washing dishes,vMz1HQ470E8,24,34,train
mopping floor,vPYaU-67XIE,26,36,train
mopping floor,vQOPHrfIhHM,36,46,train
washing dishes,vRC2D4ttYOw,50,60,train
washing dishes,vRSLQKCT2Y4,36,46,train
folding clothes,vRtwq_XZEZM,94,104,train
folding clothes,vSQlFzgWzZY,26,36,train
cleaning toilet,vTunB29vSVg,64,74,train
cooking chicken,vUTZ_uB_aWo,32,42,train
sweeping floor,vWDsZmIALNc,7,17,train
washing dishes,vYIOQYC0vZY,110,120,train
washing hands,vYK4k_0PZMo,103,113,train
doing laundry,vYftqktRlTw,1,11,train
cooking chicken,v_SlRQjhQdE,431,441,train
sweeping floor,v_wnjEAghnk,20,30,train
washing hands,va-6ioOQry0,4,14,train
mopping floor,va0k9XDlKR0,56,66,train
cooking chicken,vcIJuRyFvos,146,156,train
cleaning toilet,vcbtoMkBtR4,0,10,train
washing hands,vcuAHayyrUA,131,141,train
mopping floor,vd3VB-QXvoQ,25,35,train
mopping floor,vdaHn8cM_wI,62,72,train
washing dishes,vekz5vn9Gig,0,10,train
washing dishes,vfK7kJ-12DY,164,174,train
cleaning toilet,vg6uzESivGE,37,47,train
baking cookies,vgAxe-LrD-c,72,82,train
sweeping floor,vhZSoy_Ds18,54,64,train
cooking chicken,vjhVk7ichDc,114,124,train
washing dishes,vk04E7sbX50,8,18,train
washing hands,vk6pSOPd2fY,1,11,train
doing laundry,vllJmytTUFE,111,121,train
washing dishes,vonK9j0NSzA,3,13,train
cooking chicken,vp6qMsjB0RA,45,55,train
cooking chicken,vqtkPaWK-3o,4,14,train
baking cookies,vr8PCnlQ5SE,241,251,train
washing dishes,vrjO1aa8qf4,12,22,train
baking cookies,vsGvvo_1zIg,336,346,train
washing dishes,vsOuGg6hnRs,23,33,train
cooking chicken,vswonsuMfiw,1,11,train
baking cookies,vumxYd9-jgU,57,67,train
sweeping floor,vvEBEL247YU,6,16,train
folding clothes,vwNodbaACC8,117,127,train
washing hands,vxFU6HnhU1U,66,76,train
sweeping floor,vxzAL2Jkp2k,2,12,train
baking cookies,vys9S32Q1gw,14,24,train
folding clothes,vzQuto8z3HU,1,11,train
making bed,vzWelboK0QI,104,114,train
washing dishes,w3gCBUjzyTU,2,12,train
sweeping floor,w4LwfQz7REk,0,10,train
doing laundry,w53BeHr4I_A,37,47,train
washing dishes,w664T41_JKs,119,129,train
washing hands,w79ULv63qzA,23,33,train
washing dishes,w7CHjYKPt0I,131,141,train
washing dishes,w818UZpUZY4,52,62,train
making bed,wAiD9ahC12Q,37,47,train
folding clothes,wCORsPMAung,79,89,train
sweeping floor,wDl-m0A6Pu8,5,15,train
washing hands,wE9qrhx2gvs,21,31,train
mopping floor,wF7GF4xZmtk,4,14,train
cleaning toilet,wF9OdIjFhO4,27,37,train
baking cookies,wFX--ACWSvM,214,224,train
washing dishes,wG1cGREDz1M,76,86,train
mopping floor,wHtUdtstPto,21,31,train
making bed,wIMUkIhZ7cQ,109,119,train
baking cookies,wI_pu5_yLU4,115,125,train
making bed,wJyIWgieoZE,482,492,train
mopping floor,wKCQXk2K6gQ,0,10,train
baking cookies,wKcf_5m2ty0,147,157,train
washing dishes,wLSYWASyR8g,173,183,train
washing hands,wLiicjZm41E,220,230,train
baking cookies,wM0H4KIz7sk,688,698,train
doing laundry,wNpceck-yU8,1,11,train
cooking chicken,wOOOfNscx9w,264,274,train
cooking chicken,wOxt6xI-uEM,536,546,train
sweeping floor,wPg4aQi-RpE,9,19,train
cooking chicken,wPvoOwdLRmU,139,149,train
washing hands,wQVdnTbnUeA,99,109,train
doing laundry,wQxWftaqAzU,7,17,train
mopping floor,wRvXGahbfzs,10,20,train
washing hands,wS7R091_CBk,19,29,train
folding clothes,wSWYews4MZw,18,28,train
baking cookies,wTF44SZFCTw,57,67,train
mopping floor,wTqcWrUVMtA,2,12,train
mopping floor,wTwzUwdwAVM,2,12,train
sweeping floor,wTxJB-H2vRo,77,87,train
doing laundry,wTxl9_he1BA,18,28,train
folding clothes,wU9GD8EL4IA,7,17,train
washing dishes,wWqAXqF2hAY,139,149,train
cleaning toilet,wWvdo_3yc2k,4,14,train
cleaning toilet,wXzbY_C-OyQ,35,45,train
washing hands,w_G8WOnbh1Y,46,56,train
cleaning toilet,w_KyptaDLdw,0,10,train
washing hands,w_RwRoiwe6Q,0,10,train
washing dishes,w_shQY7jmzE,4,14,train
washing hands,wbAN3zHMb6M,61,71,train
washing hands,wcIHvkBhJos,6,16,train
washing dishes,wdI9wzKIV8s,38,48,train
washing hands,wdkFZ-alikg,84,94,train
washing hands,wds7-akoGmo,39,49,train
sweeping floor,weUIlCy99kM,4,14,train
washing hands,wfR3hqeHWhw,5,15,train
baking cookies,wfR5XlIlWas,568,578,train
washing hands,wf_s7b2dzOI,64,74,train
doing laundry,wfbfWB1ltJg,62,72,train
mopping floor,wgS2uVY3DRo,14,24,train
washing hands,wgvzSqK0JUI,3,13,train
washing dishes,whohIuRMtoU,14,24,train
baking cookies,wi-Uy97rG0I,137,147,train
baking cookies,wiASG109_uA,1,11,train
washing dishes,wiHvzq9A4rA,102,112,train
sweeping floor,wiMKzFt3two,2,12,train
mopping floor,wj0upQ_D2bo,86,96,train
washing hands,wjYUTn2RvNk,5,15,train
sweeping floor,wk3v7SSdFXs,154,164,train
washing dishes,wmNTHYKen_U,51,61,train
baking cookies,wmQiRptG3-0,119,129,train
cleaning toilet,wmRp4SFl6AE,24,34,train
cleaning toilet,wmmCBrqTzRo,174,184,train
washing hands,wnWTnKUMrHY,24,34,train
washing dishes,woIxvYOk8Qs,4,14,train
washing dishes,woT1zf2Fke0,13,23,train
mopping floor,wrTOj4aSwro,16,26,train
washing dishes,wsTIdN20tbs,37,47,train
cleaning toilet,wtK8cE9F0mY,47,57,train
folding clothes,wuSB2W6es1Q,76,86,train
mopping floor,wuxQSGY6My4,284,294,train
washing dishes,wy_baVEPi2I,50,60,train
making bed,x2bW4XnycoM,40,50,train
baking cookies,x2tg2mKcnGg,103,113,train
washing dishes,x2ydHatYxE4,21,31,train
washing hands,x35RMbV-GnI,8,18,train
making bed,x3frjlmgd6c,221,231,train
washing hands,x3oXqUa0HEI,40,50,train
doing laundry,x3pyYNrViag,0,10,train
washing hands,x42EQC8Zljc,0,10,train
washing hands,x44fn0snUvw,14,24,train
washing hands,x4JujoL4dB8,46,56,train
folding clothes,x4eKWr_dGEU,1404,1414,train
washing dishes,x6qN8tiPSNM,94,104,train
sweeping floor,x6ur_uuP1EQ,1,11,train
baking cookies,x8SyOOIPffg,147,157,train
washing hands,x8cT50_xUwQ,134,144,train
washing dishes,x8xMMyY5alU,8,18,train
washing dishes,xB9l3xRdgEc,4,14,train
baking cookies,xBLKrqdWRlk,131,141,train
cooking chicken,xDyKBjTcYMk,119,129,train
washing hands,xEFSE55puGI,13,23,train
washing dishes,xF9J4KEFQsg,46,56,train
making bed,xFZ_BfDYyOk,77,87,train
mopping floor,xFcuAtvvfMk,1,11,train
folding clothes,xFzMcgd7qzU,37,47,train
sweeping floor,xG6QYtGIfn4,1,11,train
doing laundry,xG8xMMjW8TY,11,21,train
cleaning toilet,xH8IeNvlOOQ,1,11,train
cooking chicken,xIVF4YRT1Qw,128,138,train
sweeping floor,xKJ1dFBR2is,7,17,train
cooking chicken,xKP1ewy9RGs,345,355,train
washing hands,xKg7xwASzcE,63,73,train
mopping floor,xL_d2K6ODr4,40,50,train
making bed,xLrMyjdFl10,171,181,train
washing hands,xMwmdLEGaG8,71,81,train
washing hands,xN8vxr8o4Kw,3,13,train
cooking chicken,xOC_vkk8d4E,73,83,train
making bed,xRBgLHf0P3s,23,33,train
washing hands,xRoLUvJYHR4,206,216,train
sweeping floor,xS_DyjY2cUw,8,18,train
baking cookies,xSdRmaEh55g,172,182,train
baking cookies,xSmkK3MD4p0,109,119,train
sweeping floor,xSrDkDOOQuY,187,197,train
cooking chicken,xThjR_s47Wo,72,82,train
folding clothes,xUEmVMzHRzQ,1,11,train
cooking chicken,xUtXvTZkY0A,91,101,train
folding clothes,xXTt0-83SGU,2,12,train
making bed,xXlbePQg3-E,47,57,train
mopping floor,xYmx8x9w2B0,32,42,train
baking cookies,xZxvc2oAo_E,811,821,train
doing laundry,x_Cd5egEspk,9,19,train
baking cookies,x_sORb_KpJM,181,191,train
washing dishes,xaicDAewb6o,9,19,train
cooking chicken,xajfJ93QoGc,139,149,train
baking cookies,xc9kQjiWrTU,86,96,train
sweeping floor,xcBI6Kwh91w,61,71,train
making bed,xf8LwjGElEQ,612,622,train
mopping floor,xfeAYadvwSw,51,61,train
cooking chicken,xfhr9Lf4jRM,9,19,train
washing dishes,xg02LYDd_mw,9,19,train
washing hands,xg93FmCDeZk,92,102,train
washing dishes,xgDR1gAo4uA,14,24,train
sweeping floor,xhO8kyXxYRo,41,51,train
cooking chicken,xi6gb2eEg44,191,201,train
doing laundry,xjB0ppLVFIU,1,11,train
baking cookies,xjL34-pxj0A,73,83,train
cooking chicken,xkHHcEeZmUU,1226,1236,train
folding clothes,xkPCekTV6Ss,10,20,train
washing dishes,xks8SjXSW-M,65,75,train
folding clothes,xl0WhBdMN8k,19,29,train
cooking chicken,xn79mRcmtxI,154,164,train
baking cookies,xnKzBO1yr_g,190,200,train
folding clothes,xnl4SM02z_s,84,94,train
washing dishes,xoNa4neD7Z4,116,126,train
washing dishes,xpHdQEF1tqk,2,12,train
baking cookies,xpx6ccaYIE4,431,441,train
doing laundry,xq1OK7G_XR0,34,44,train
cooking chicken,xs1LNg4QTZ4,201,211,train
doing laundry,xs7AJA64JB8,3,13,train
washing hands,xtQhksF6GOU,190,200,train
washing hands,xxa2rN_uGco,0,10,train
cooking chicken,xy4G708xMdQ,11,21,train
baking cookies,xzHDkzByrKQ,304,314,train
cooking chicken,y01KSlAOhrM,18,28,train
cooking chicken,y2oec0BOWEo,5,15,train
baking cookies,y4oK8G35w3k,140,150,train
washing hands,y4ww2el2G_c,20,30,train
mopping floor,y4xa7liQ5IM,48,58,train
sweeping floor,y5GU6LXbbFA,193,203,train
cooking chicken,y5xxt66WLDo,444,454,train
cooking chicken,y7--GOOBiCY,61,71,train
washing hands,y7Ksha62KRo,1,11,train
making bed,y81N_5AErSY,64,74,train
baking cookies,y9OUh1qY0XY,13,23,train
folding clothes,y9RQMeI_OiE,23,33,train
cooking chicken,yA01nfaWERs,184,194,train
washing hands,yCtNjyMiTkY,15,25,train
washing dishes,yDWFPG6q4T4,160,170,train
cooking chicken,yFA-I4LqybM,149,159,train
folding clothes,yGdeirqtkzI,15,25,train
baking cookies,yGvPEfrPYDw,401,411,train
making bed,yGyVXVs71t0,28,38,train
folding clothes,yHUBdk9a69M,23,33,train
sweeping floor,yIQnbAg9tlc,15,25,train
making bed,yIsW2Xo584w,1,11,train
baking cookies,yJht746fpDg,135,145,train
mopping floor,yJn5MqaLViw,38,48,train
washing dishes,yJwHkVGkfEs,2,12,train
making bed,yLnw9hQsNS4,74,84,train
washing hands,yMR6CIuKKIk,28,38,train
folding clothes,yM_2YKTsK4k,360,370,train
washing hands,yNAflR1gJYg,30,40,train
baking cookies,yNG24ME5Z-4,89,99,train
baking cookies,yNWFNbToakw,274,284,train
cooking chicken,yPyUXGwerZk,31,41,train
washing hands,yQHYiAd87QA,12,22,train
sweeping floor,yQujsvqNLM0,154,164,train
baking cookies,yRZy5O85iVo,428,438,train
cooking chicken,ySOgQ87nZck,157,167,train
folding clothes,yTGspRR-O3g,2,12,train
making bed,yTL2lw_IN0g,124,134,train
cleaning toilet,yUMkL6vTK0o,2,12,train
making bed,yVat7RVrpao,106,116,train
sweeping floor,yVwvK2z4DN0,1,11,train
baking cookies,yVyCdP_C5BM,0,10,train
folding clothes,yWZe3nuCly0,24,34,train
baking cookies,yW_4chPazG4,738,748,train
washing dishes,yWnebiQ32Ig,84,94,train
washing hands,yXDQo0mF1AY,7,17,train
cooking chicken,yXIP2OagEEo,30,40,train
doing laundry,yYu706Y9p8Q,16,26,train
mopping floor,y_Hg9OD2YqI,10,20,train
doing laundry,yb3Fn4vstJk,3,13,train
baking cookies,ydKNPWAVLck,8,18,train
washing dishes,yeNRMDMYfjo,64,74,train
washing hands,ygEUybPBUxA,175,185,train
sweeping floor,ygWDhhQ_cvM,4,14,train
cleaning toilet,ygg5fIRzYHA,164,174,train
baking cookies,yh-UhltDkbs,64,74,train
cleaning toilet,yhGT0_bG5EM,21,31,train
doing laundry,yiOtpIUS5rE,3,13,train
washing hands,yk6JrLMYfnI,16,26,train
mopping floor,ykLLB37wtLI,25,35,train
cooking chicken,ymjkZXfxKMs,687,697,train
washing hands,ymqYFT-ytxw,53,63,train
washing dishes,ynIYxMWhSCQ,10,20,train
cleaning toilet,ynltCdsIqMA,27,37,train
washing dishes,yon1lsEt7lA,19,29,train
making bed,ypjmFh-w6sM,285,295,train
sweeping floor,ypkAI9Qpy_U,54,64,train
sweeping floor,yqfVlJ4CHtA,321,331,train
washing hands,yrWo3keR_ow,2,12,train
baking cookies,yrlT9W5j3FA,4,14,train
cleaning toilet,yrvJunMrsjw,12,22,train
making bed,ysYOW0fth6Y,188,198,train
baking cookies,ysacoaKDCMA,126,136,train
washing hands,ytksIcxpDHY,98,108,train
cooking chicken,ytoeiPRhgGQ,173,183,train
making bed,ytws1rN5qMw,265,275,train
doing laundry,yuxHhQIug0E,28,38,train
cleaning toilet,yw2BA9cIYcE,177,187,train
washing dishes,ywA4hf73QoQ,21,31,train
cooking chicken,yyAFzCyVDFU,172,182,train
sweeping floor,yyiDuDppZ7A,4,14,train
doing laundry,z-tq4jkW0Fs,25,35,train
sweeping floor,z06RSwdEcG4,10,20,train
cleaning toilet,z0dT1plTLOg,11,21,train
doing laundry,z17Ga0uTb9o,1,11,train
baking cookies,z1YFE1yRVo0,0,10,train
making bed,z4jGN9IkTI0,14,24,train
mopping floor,z5q8Vv5L5wk,46,56,train
making bed,z5zq0yM2TsU,9,19,train
making bed,z6tV7eVecQY,2,12,train
washing hands,z9QBtQ_T5Uo,28,38,train
baking cookies,z9Qjl4pji0E,947,957,train
mopping floor,z9khJDjFpS8,29,39,train
making bed,zAd8GLIqB_A,31,41,train
cooking chicken,zBVBbt6jvg0,118,128,train
baking cookies,zC7Z65CGUBw,17,27,train
sweeping floor,zC7gryW2vo4,29,39,train
baking cookies,zDGb9iQfSTo,321,331,train
cooking chicken,zDS18kIxnxo,104,114,train
cooking chicken,zDSoOktJ5T0,142,152,train
sweeping floor,zE23XPUkZK4,12,22,train
mopping floor,zEFBgo-sqrA,9,19,train
doing laundry,zEb6DESkh3o,10,20,train
sweeping floor,zEg_gM8mCXk,12,22,train
folding clothes,zEm4X-9Y9Zs,75,85,train
cleaning toilet,zEnyBEoDAq4,125,135,train
washing hands,zHdURvYp-wA,18,28,train
cooking chicken,zHvKCgs5NR8,691,701,train
cleaning toilet,zI39OpgbdjU,37,47,train
washing dishes,zIi7iAfNV9A,24,34,train
washing dishes,zIiN8-ryhko,97,107,train
washing dishes,zJ0qPqf_TmM,10,20,train
sweeping floor,zJF70eRcs28,32,42,train
washing dishes,zKHP6SowkMY,8,18,train
cooking chicken,zL-DVeT5v0k,57,67,train
cooking chicken,zLD1tKeY6Jk,129,139,train
washing hands,zMa7BtScCMc,123,133,train
cleaning toilet,zMkmNf-RFNc,165,175,train
mopping floor,zOhRt_UUMW4,2,12,train
baking cookies,zPTnxRVtTjo,3,13,train
washing dishes,zQc5RxB9SZ4,40,50,train
making bed,zQwIGiqc1O0,81,91,train
sweeping floor,zS25enTolAc,40,50,train
cleaning toilet,zS6elR5IfH8,44,54,train
washing hands,zT6ITDwPi0w,6,16,train
cooking chicken,zUY5fop4zo8,60,70,train
cleaning toilet,zVDmufCaeKk,50,60,train
baking cookies,zWQDzYH6IFk,51,61,train
washing dishes,zYB8_OMOf_M,27,37,train
washing dishes,zYxBPcpSIio,125,135,train
making bed,zZWAKrAP1l0,2,12,train
cooking chicken,zaPzYLFtTwQ,42,52,train
folding clothes,zag05PwbhAY,906,916,train
washing dishes,zbA1CMJ0AIs,10,20,train
doing laundry,zcYhpDsUXqE,22,32,train
washing dishes,zdJZTu363O4,47,57,train
cooking chicken,zflAk6tHImY,988,998,train
mopping floor,zgtGSG2rj2Y,0,10,train
washing dishes,zhIGSbYrXvM,51,61,train
washing dishes,zhaVqbmFGTk,4,14,train
washing dishes,ziQM6ED5x28,65,75,train
washing dishes,zlnlsROQXq0,28,38,train
cooking chicken,zmO8A9CQ0No,59,69,train
making bed,zmzfGh14ftw,51,61,train
sweeping floor,znOgZs0odnc,10,20,train
washing dishes,zoP1n5-jcfM,82,92,train
baking cookies,zok4_BndWK0,29,39,train
washing dishes,zq8C1-Elw_o,71,81,train
making bed,zqWmlDpUc78,70,80,train
sweeping floor,zqxkjc8CAfc,85,95,train
sweeping floor,zsTSBLidaAg,51,61,train
washing hands,zsY-uhLZEt8,4,14,train
baking cookies,zshutwPr74U,371,381,train
washing dishes,zuIJF2x8-r8,5,15,train
sweeping floor,zuIzMGE-JaE,23,33,train
cleaning toilet,zuTPOKPQog0,4,14,train
cleaning toilet,zufm7uGFkuY,66,76,train
mopping floor,zujh2AlEoj4,0,10,train
folding clothes,zurFklsO0b4,195,205,train
washing hands,zuvp95GGE3I,0,10,train
washing hands,zvjRujxIB64,63,73,train
cooking chicken,zwGCQlS9qgw,442,452,train
folding clothes,zwStWUjIQtQ,0,10,train
cleaning toilet,zxL44Ksu1XQ,168,178,train
baking cookies,zxM0ySMEH1M,453,463,train
baking cookies,zxmEam6QgU8,324,334,train
mopping floor,zz8wIJOVd-U,14,24,train
washing dishes,zzPfReSDuaM,74,84,train
washing dishes,zzz_3yWpTXo,0,10,train
